Kinase,Model,CV Mean R²,CV Std R²,Test R²,Test MSE,GeneName
O00418,RandomForest,0.2293521232782523,0.4677895247239447,0.4402251407817392,5.379335434310662,EEF2K
O00418,XGBoost,-0.2032452477702458,0.6975826836180907,0.4436581173891627,5.346345148295919,EEF2K
O00418,PLS,-0.8763097806616964,1.5762155605810058,0.1715455644044964,7.961297703391667,EEF2K
O00418,SVR,-2.119991610810376,3.662152358788575,0.1471042198030108,8.19617461669317,EEF2K
O00418,Lasso,-0.5720283452180197,1.013604020146348,0.1394536864795844,8.269694862056737,EEF2K
O00418,ElasticNet,-0.5378891629189663,1.0013738098172509,0.1515335095112308,8.153609941477978,EEF2K
O00418,GradientBoosting,0.1575754487955241,0.5674751529246144,0.4939556470141385,4.862994960422572,EEF2K
O00418,MLP,-0.4910375460734749,0.9882282372259124,0.3437558306161499,6.306388105489882,EEF2K
O14578,RandomForest,-0.3571769034162354,0.4226081643421666,0.2306025114348519,0.4989364784181107,CIT
O14578,XGBoost,-0.7545198085200757,0.65801955698727,0.4001157575087126,0.3890110584651012,CIT
O14578,PLS,-0.6622519287047469,1.019287926737611,0.0500351512768775,0.616030235719667,CIT
O14578,SVR,-0.599668083810716,0.5296393558774686,-0.052228134560551,0.6823456116670774,CIT
O14578,Lasso,-0.1946038245768056,0.1255418829434664,-0.1011336320896276,0.7140596958369493,CIT
O14578,ElasticNet,-0.3246651773920234,0.4035145831749582,-0.0161808715706683,0.6589697952391809,CIT
O14578,GradientBoosting,-0.4272473282333287,0.3126587802221647,0.4120933941940791,0.3812438380668215,CIT
O14578,MLP,-2.48376318021142,2.897198518650832,-0.2913516716216764,0.8374116955331131,CIT
O15075,RandomForest,-0.1445776415969736,0.4571165046860955,0.4341109459689659,1.128972293305477,DCLK1
O15075,XGBoost,-0.2346747158362156,0.5293216059541612,0.2241989357564432,1.5477555192291188,DCLK1
O15075,PLS,-0.1595687332576748,0.5482139156604675,0.1934451418249206,1.6091106223458704,DCLK1
O15075,SVR,-0.0772281810549265,0.4793428715227105,0.017419953344972,1.9602882238600323,DCLK1
O15075,Lasso,-0.0745574028322815,0.5000972431507019,0.2415503309642671,1.5131387612263172,DCLK1
O15075,ElasticNet,-0.058569073822976,0.465234346042274,0.2688350033831872,1.45870470039151,DCLK1
O15075,GradientBoosting,-0.1355001167782598,0.4839994122336307,0.2670974815155439,1.4621711290732602,DCLK1
O15075,MLP,-2.389810868502008,2.950436371468844,-0.3679016446072853,2.729020902114725,DCLK1
O43318,RandomForest,-0.5534795840273722,0.3755977049193846,-0.4511328904043927,0.7524351664564621,MAP3K7
O43318,XGBoost,-1.0226097657766045,0.645976209399207,-1.1308785895571587,1.1048939741040125,MAP3K7
O43318,PLS,-0.3585029054345804,0.2651787742879196,-0.1193755445513891,0.5804137786147914,MAP3K7
O43318,SVR,-0.4641756970380503,0.5304441031815913,-0.0778136130509541,0.5588632651824433,MAP3K7
O43318,Lasso,-0.1602209417019073,0.2024720688160395,-0.0572525710351696,0.5482020423723437,MAP3K7
O43318,ElasticNet,-0.2298686381503805,0.2160704788622948,-0.0561055075806551,0.5476072719780944,MAP3K7
O43318,GradientBoosting,-0.6167139340712878,0.6105368496243594,-0.749340649749419,0.9070605674277364,MAP3K7
O43318,MLP,-0.6471189616474105,0.5797466866205371,-0.1122687082555473,0.5767287725160388,MAP3K7
O43353,RandomForest,0.099877955894947,1.008539933577191,0.5740346156219269,0.7093562428721657,RIPK2
O43353,XGBoost,-0.0328021501896109,0.8884940504131787,0.5219671051533179,0.7960637899082834,RIPK2
O43353,PLS,0.3648877676441335,0.5308946103821317,0.8511542312171742,0.2478714918710176,RIPK2
O43353,SVR,0.3406101042073636,0.5295217350219654,0.8187771161032917,0.301788804344086,RIPK2
O43353,Lasso,0.3487804673140877,0.566215785806552,0.8332592260319408,0.2776718796722675,RIPK2
O43353,ElasticNet,0.3918784034674712,0.5475155547906224,0.837899961802764,0.2699437050100001,RIPK2
O43353,GradientBoosting,-0.0428579321158137,1.2416520066135386,0.5246527388931329,0.7915914287041272,RIPK2
O43353,MLP,-0.4852771834330906,1.1924327830665784,0.822604513055079,0.2954150753480922,RIPK2
O43683,RandomForest,-0.1619812569726232,0.3187768003640759,-0.2417606724757668,0.7499335116473729,BUB1
O43683,XGBoost,-0.3766208649467178,0.2533290427469118,-0.9168122819882694,1.15761579317397,BUB1
O43683,PLS,0.0674282871624837,0.2807506221869008,-0.608511530159346,0.9714244677540536,BUB1
O43683,SVR,0.0612790582892435,0.2445344644109429,-0.6576360045929042,1.0010920924714153,BUB1
O43683,Lasso,-0.0061284988508795,0.215569194472035,-0.2413196194318649,0.7496671475521268,BUB1
O43683,ElasticNet,0.0502970401432009,0.2374982095321232,-0.3313138088283367,0.8040171201176108,BUB1
O43683,GradientBoosting,-0.2990704371891738,0.3817361817839927,-0.3161727168447812,0.7948729971532679,BUB1
O43683,MLP,-0.3098278183399873,0.3655886186312587,-0.5649869154620202,0.9451387527474838,BUB1
O60885,RandomForest,-0.5104306616349152,1.2574843508753075,0.4368715464604679,0.2898482881473384,BRD4
O60885,XGBoost,-4.118657752909516,4.665070336601148,0.3119772627996308,0.3541327228814473,BRD4
O60885,PLS,-0.2215716061632958,0.4469407366192721,0.1200669642011538,0.4529110232443293,BRD4
O60885,SVR,-0.4238754658270866,0.8161711720944853,-0.0762643548380277,0.553964870506943,BRD4
O60885,Lasso,0.0046586727753128,0.1734971615308086,0.0866538473052264,0.4701091148574919,BRD4
O60885,ElasticNet,-0.0301412600109324,0.2010785514720391,0.0877566804477804,0.4695414747454141,BRD4
O60885,GradientBoosting,-1.866015345260418,2.8446550898776226,0.6116581410032897,0.1998837429340617,BRD4
O60885,MLP,-1.8321091762395405,3.0857127379552245,-0.0153462532527335,0.522609666644129,BRD4
O75385,RandomForest,-0.787703564786679,0.6528982723785295,0.2228805844298106,0.2720226550947039,ULK1
O75385,XGBoost,-1.0463130195855583,0.6319663612403902,-0.035165927725612,0.3623491814535167,ULK1
O75385,PLS,-0.7834938125684621,0.4862969591469904,0.1311995147607676,0.304114670161651,ULK1
O75385,SVR,-0.6158294153366324,0.3359122405490986,-0.1183207414388352,0.3914566683557449,ULK1
O75385,Lasso,-0.611954658320217,0.3410517342448166,0.0869756579441897,0.3195947761900751,ULK1
O75385,ElasticNet,-0.6096787818065967,0.3773087306727439,0.1407655360870906,0.3007661828278611,ULK1
O75385,GradientBoosting,-1.167875382182956,0.657484782163281,0.0674954812270984,0.3264136116047188,ULK1
O75385,MLP,-5.353964004223375,6.897771341510472,0.0444052682404185,0.3344961030693418,ULK1
O75676,RandomForest,-1.4381367030516403,1.6071894391148311,-0.8293904420844398,1.489923174562617,RPS6KA4
O75676,XGBoost,-1.5071656207879975,1.110842674334774,-2.4701418419330987,2.82621174265263,RPS6KA4
O75676,PLS,-0.8656359413069155,1.0210934811930288,-0.1263729086100191,0.917359717822395,RPS6KA4
O75676,SVR,-0.587329740264147,0.5733159438511723,0.2358373815297652,0.6223622733570081,RPS6KA4
O75676,Lasso,-0.9483394316276264,1.360367997134553,-0.0029466060759881,0.8168367762646074,RPS6KA4
O75676,ElasticNet,-0.930434648086883,1.2672614762932932,0.0089331302081927,0.8071614800619411,RPS6KA4
O75676,GradientBoosting,-1.3970232854621203,1.359557481423334,-2.5212272857920985,2.86781761580982,RPS6KA4
O75676,MLP,-2.297032322082706,3.28612432443865,-0.3539863511434868,1.1027365160559002,RPS6KA4
O76039,RandomForest,-0.6789763216921995,0.6405736564234445,0.292430199443319,0.4608347393385841,CDKL5
O76039,XGBoost,-1.6359919641908267,1.5742496259699883,-0.1813410230538077,0.7693982727932545,CDKL5
O76039,PLS,-0.4556012387347604,0.5038688258651156,-0.0528156315800534,0.6856906792362674,CDKL5
O76039,SVR,-0.986609581934862,0.8741508424277692,-0.3092593378321824,0.8527104819931736,CDKL5
O76039,Lasso,-0.2475950391410288,0.2688996636067355,0.0290559001548329,0.6323683837445526,CDKL5
O76039,ElasticNet,-0.3053483290662986,0.3303913554463454,0.0129985346849281,0.6428264217006189,CDKL5
O76039,GradientBoosting,-1.262843422267451,1.2199423578199915,0.0031725836864097,0.6492259876001152,CDKL5
O76039,MLP,-0.1654731746740388,0.122384093304144,-0.1803518419027083,0.7687540267590585,CDKL5
O94804,RandomForest,-0.2169559578838713,0.1560694524110801,-0.1821008167234368,1.605097310684731,STK10
O94804,XGBoost,-0.7279184671191684,0.973964098682381,-0.3352476543593699,1.8130453754789528,STK10
O94804,PLS,-0.8753500749218958,0.2513629689094397,-0.286099782656396,1.746310698046801,STK10
O94804,SVR,-0.6554406758785377,0.4395828184152441,-0.1657562309303808,1.5829040676638797,STK10
O94804,Lasso,-0.3285001747849312,0.3219581057687619,-0.2251799212591676,1.6635916064831793,STK10
O94804,ElasticNet,-0.4758190736614935,0.2750821751401891,-0.2403573193591608,1.6842000017476504,STK10
O94804,GradientBoosting,-0.2980967040268172,0.2823083098528549,0.0309761391666177,1.315774061745608,STK10
O94804,MLP,-2.283597865027427,1.2761065107767586,-0.1215996653950626,1.522946758112003,STK10
O94806,RandomForest,0.1213033174336899,0.3107925461805906,0.190663766935401,0.7289112498519819,PRKD3
O94806,XGBoost,-0.2510713218363084,0.3693334931617622,-0.2434109852980597,1.1198513279720566,PRKD3
O94806,PLS,0.1306818540339965,0.2983052163775144,0.5954461553133938,0.364352708448927,PRKD3
O94806,SVR,0.1607947722911196,0.2659489481718954,0.4916288345720813,0.4578535427453128,PRKD3
O94806,Lasso,0.2197813602307075,0.3263170196025728,0.4686519198807202,0.4785472061712101,PRKD3
O94806,ElasticNet,0.1950028275100248,0.3186388759505375,0.5353623640287865,0.4184658812093675,PRKD3
O94806,GradientBoosting,-0.2342970107848876,0.377174300094696,0.0740432030471498,0.8339430493802789,PRKD3
O94806,MLP,0.2571533817855886,0.2372840489569598,0.1050399493038787,0.8060264973561789,PRKD3
O94921,RandomForest,-0.2896529122862473,0.2723344056599481,-0.4052384203353909,0.4698301956299979,CDK14
O94921,XGBoost,-1.185265238783909,1.1399320063645666,-0.7321136790247003,0.5791183167873672,CDK14
O94921,PLS,-0.7332707355016975,0.2815177414763834,-0.3434589124264109,0.4491747126409452,CDK14
O94921,SVR,-0.6687105932401476,0.3269402938662026,-0.4861003244554287,0.4968657247487251,CDK14
O94921,Lasso,-0.1923164441897513,0.1758818377782232,-0.1414200363997184,0.3816246348215313,CDK14
O94921,ElasticNet,-0.3614839963324761,0.1230265922683114,-0.188076401215437,0.3972238162070799,CDK14
O94921,GradientBoosting,-0.6976449838126054,0.5464914618942882,-0.7671237490281593,0.5908236529073541,CDK14
O94921,MLP,-0.9441966568696608,0.5499409846209506,-0.3040578028015865,0.4360012676403083,CDK14
O95819,RandomForest,-0.2766488204602083,0.2431742262518976,0.0996951393364939,0.7732318629437303,MAP4K4
O95819,XGBoost,-1.138888889378317,0.7679821548270195,-0.2569175490909534,1.079510664125487,MAP4K4
O95819,PLS,-1.0036147084226132,0.8518609033979266,-0.014100264093326,0.8709656813789947,MAP4K4
O95819,SVR,-0.7930841441629216,0.4590148533390125,-0.1205539548484744,0.962394028838072,MAP4K4
O95819,Lasso,-0.2893794246266214,0.2701462068335675,0.0512957575207475,0.8147999426041398,MAP4K4
O95819,ElasticNet,-0.4576195538582882,0.3694888406740815,0.027029571258809,0.8356410923409413,MAP4K4
O95819,GradientBoosting,-0.5116646275497624,0.4974424453484481,-0.094258358703573,0.9398099090774018,MAP4K4
O95819,MLP,-0.8651349956025302,0.8224311695651411,-0.1572559902188004,0.9939157771071072,MAP4K4
O95835,RandomForest,-0.3805201751715939,0.431918719927825,0.2476219562369717,0.7595509872383912,LATS1
O95835,XGBoost,-0.7186285821181094,0.4829097085223029,-0.0513968388849823,1.0614205366231273,LATS1
O95835,PLS,-0.243137715975786,0.5186451794868597,0.2208718557449118,0.7865561150539894,LATS1
O95835,SVR,-0.4227649481021954,0.4690432868988287,0.2429759225683164,0.7642413147792112,LATS1
O95835,Lasso,-0.1080100894906107,0.2847969152082247,0.1069847076580704,0.9015290285782585,LATS1
O95835,ElasticNet,-0.1449089038679683,0.363521033860081,0.1547686632952973,0.8532895152388145,LATS1
O95835,GradientBoosting,-0.8978384390885615,1.1972125678266936,0.1662894352437204,0.8416589077540363,LATS1
O95835,MLP,-0.8295544832965327,0.5213100577450183,-0.2191362939908203,1.230759168685332,LATS1
O96013,RandomForest,0.1867140269292836,0.4429690754219378,0.4547556764694851,1.1380410170523334,PAK4
O96013,XGBoost,-0.0730227058993107,0.6394068476970921,0.343249844218872,1.3707774349577508,PAK4
O96013,PLS,0.44478174730533,0.4044628461587766,0.6793692231983937,0.6692247118995608,PAK4
O96013,SVR,0.3910813657841829,0.3889592153923158,0.6080501320032142,0.8180828431561401,PAK4
O96013,Lasso,0.449896709369033,0.39655224755579,0.6343375441205965,0.7632154159667485,PAK4
O96013,ElasticNet,0.4473922626563727,0.3964974304949263,0.6525757890278234,0.725148314875125,PAK4
O96013,GradientBoosting,0.2546234913990264,0.3920500425828416,0.4227034608638167,1.2049408167796645,PAK4
O96013,MLP,0.1545038417327525,0.5087640603930963,0.6278843696120673,0.7766845654176769,PAK4
P00519,RandomForest,-0.2556965463804882,0.3413823739529309,-0.3545905636193565,1.0129231533982883,ABL1
P00519,XGBoost,-0.421069367300548,0.3134437628970125,-0.6854609658892057,1.2603383504581671,ABL1
P00519,PLS,-0.1385220209430289,0.2171917291436887,0.1485254110122108,0.6367077616512774,ABL1
P00519,SVR,-0.3648767459185791,0.5107221295094516,0.0328496003734902,0.7232067452046586,ABL1
P00519,Lasso,-0.0826676954461288,0.1150719096426383,0.1058170507506874,0.6686438227124031,ABL1
P00519,ElasticNet,-0.0949691088573248,0.1564009969277641,0.1279898515910673,0.6520636515890341,ABL1
P00519,GradientBoosting,-0.2858663173507937,0.1963193269051876,-1.256557248946768,1.6873874259980592,ABL1
P00519,MLP,-0.1538586968304015,0.1318236060147887,0.0736534718554157,0.6926948050787088,ABL1
P04049,RandomForest,-1.3713952190052987,2.0417858885039024,-0.6035553456743099,2.2944773170873707,RAF1
P04049,XGBoost,-3.848961793038511,6.43895048034471,-0.0241283974453445,1.4653933735821594,RAF1
P04049,PLS,-1.9046463271561012,2.631885734587134,-0.0864491720912197,1.5545662257659074,RAF1
P04049,SVR,-0.9131251002105554,1.3730143505693324,-0.0264161551116555,1.4686668546543924,RAF1
P04049,Lasso,-1.6249775420928398,2.0948135048933127,-0.3206298970388848,1.8896481192228152,RAF1
P04049,ElasticNet,-1.756295924772798,2.3203965110491023,-0.2121605052391935,1.7344426504786117,RAF1
P04049,GradientBoosting,-2.0371978482859308,2.2845353125635497,-1.3565959876186957,3.371979678603764,RAF1
P04049,MLP,-7.382661672171859,10.207531789652196,-0.640451780513803,2.3472712746199123,RAF1
P04626,RandomForest,-0.8466574147661963,0.9654564015347338,-0.0384161330952796,0.7684217151505939,ERBB2
P04626,XGBoost,-1.3346744161962003,1.3845666594368264,-0.3721449617287058,1.0153790482664555,ERBB2
P04626,PLS,-0.468135897914725,0.5615491954458368,-0.0877439454721702,0.8049240006825918,ERBB2
P04626,SVR,-0.4830475524371419,0.2645264953665635,-0.1966763685417321,0.8855333409103041,ERBB2
P04626,Lasso,-0.4199706305935516,0.5019069414125353,-0.0236885947217986,0.7575234250179442,ERBB2
P04626,ElasticNet,-0.4013505385699993,0.4646424078293993,-0.0461564955708535,0.7741495369936913,ERBB2
P04626,GradientBoosting,-1.0711132171265307,0.8779828686269084,0.1194229815014481,0.6516217162958572,ERBB2
P04626,MLP,-0.42800773392732,0.6333538869621231,-0.1350543557323937,0.8399334207387644,ERBB2
P06493,RandomForest,-0.2634909031559825,0.5002671358277309,-0.0472339071865253,2.9071385819671822,CDK1
P06493,XGBoost,-1.3841148901745004,1.3638585548498303,-0.7191175191881676,4.772298559730912,CDK1
P06493,PLS,-0.1213436937934442,0.4867914631349284,0.0609406644878087,2.606844188571249,CDK1
P06493,SVR,-0.1069300591397538,0.3835816292990252,0.0578259946346967,2.615490563404927,CDK1
P06493,Lasso,-0.1633444844293289,0.2455653681416206,-0.0415973276291428,2.891491344240114,CDK1
P06493,ElasticNet,-0.1381374421282071,0.2432152570045735,-0.0467513205434173,2.905798913494176,CDK1
P06493,GradientBoosting,-0.9828204003323208,0.8169332139978552,-0.0559068028616667,2.931214683267528,CDK1
P06493,MLP,-0.2911285974138443,0.2780436824400174,0.099568496931561,2.499612689223898,CDK1
P10398,RandomForest,-0.7606944976902448,0.4918408498430263,-0.0555809733313434,0.2806645975581242,ARAF
P10398,XGBoost,-1.5532461943124347,1.263019435859818,-0.2274454425538246,0.3263610181146996,ARAF
P10398,PLS,-0.5966075545525842,0.355780802604888,-0.1410140828752191,0.3033800972820324,ARAF
P10398,SVR,-0.9377099910545894,0.7097086897643289,-0.1574126139502434,0.3077402432499831,ARAF
P10398,Lasso,-0.2602285598040944,0.4083361781816018,-0.0128407911625765,0.2693005654932979,ARAF
P10398,ElasticNet,-0.3242822542591102,0.3803933468543238,-0.0174669453233251,0.2705305968490836,ARAF
P10398,GradientBoosting,-1.1826492851325707,0.9543939710736866,-0.2936371290874748,0.3439604856420751,ARAF
P10398,MLP,-1.4199657777609125,1.294742983872759,-0.2258119383102668,0.3259266915943183,ARAF
P11274,RandomForest,-0.1464181625692693,0.4277610279627489,0.0538317203662808,0.9654692006553818,BCR
P11274,XGBoost,-0.5923313124717551,0.5599020563920941,0.1699022972537122,0.8470308958640828,BCR
P11274,PLS,-0.4427275955809236,1.1049493744434766,0.0516007511545906,0.9677456794888628,BCR
P11274,SVR,-0.7716840691405351,1.7608577641967436,0.0687866530335735,0.950209201774701,BCR
P11274,Lasso,-0.4304697522962448,0.7838384225368975,0.1387123303448565,0.8788571080381139,BCR
P11274,ElasticNet,-0.4326723095672807,0.914140100970385,0.1731739895994425,0.8436924641476388,BCR
P11274,GradientBoosting,-0.4362779680515654,0.8495185026751979,0.119044781747362,0.8989258556721232,BCR
P11274,MLP,-0.4429533708581322,0.6771668583325021,-0.2690000008808011,1.2948863778823338,BCR
P15056,RandomForest,-1.1946519564503175,0.9953887418192274,0.1446618043898307,1.9560453303046177,BRAF
P15056,XGBoost,-4.935920464336666,7.167136121555957,0.1330829015344597,1.9825247497629552,BRAF
P15056,PLS,-1.666280168678279,2.2701473923318694,-0.1394915918845309,2.605866566776072,BRAF
P15056,SVR,-0.9415418065249488,1.0921580860393436,0.0643022607218614,2.1398169786933696,BRAF
P15056,Lasso,-1.5827274819835904,2.09962206479729,-0.052840284379549,2.407706486611526,BRAF
P15056,ElasticNet,-1.5037496895554945,2.0200931526243004,-0.0690130059030558,2.4446913618067763,BRAF
P15056,GradientBoosting,-1.9284137135042627,1.8263419804012464,0.0206741544547462,2.239588687675624,BRAF
P15056,MLP,-5.471291679607778,7.165271537072933,0.0621704108800241,2.144692237333096,BRAF
P23443,RandomForest,0.0720704200980496,0.3047918871829866,0.2463698151391181,1.0869066825118838,RPS6KB1
P23443,XGBoost,-0.4842285756437764,0.5918348022764265,0.1211702030062271,1.2674730900268047,RPS6KB1
P23443,PLS,-0.1079490535821103,0.4046072722610754,0.2335201142175214,1.1054388831595274,RPS6KB1
P23443,SVR,-0.3698697145126033,0.774663161049572,-0.0363259518964229,1.4946184813240193,RPS6KB1
P23443,Lasso,0.0533292445166371,0.3369801212208112,0.230429918644228,1.1098956502667277,RPS6KB1
P23443,ElasticNet,-0.0095638456210583,0.3858233616625307,0.2649827673913265,1.060062558443347,RPS6KB1
P23443,GradientBoosting,0.0456300635318315,0.3463524790740971,0.0743184643245489,1.335043987375903,RPS6KB1
P23443,MLP,-1.8154035922703968,0.8458435355386619,0.1569316129469637,1.2158969772045607,RPS6KB1
P27361,RandomForest,-0.3174747963314775,0.4462643657634167,0.0578970932880257,1.0756286291047783,MAPK3
P27361,XGBoost,-0.5425227276734399,0.4054823458957935,-0.4641349617557,1.6716491059709029,MAPK3
P27361,PLS,-1.1977321316210825,1.3483138880921974,-1.2628631614941537,2.5835823060397365,MAPK3
P27361,SVR,-0.3825556812115029,0.3711646430494702,-0.3650566736413037,1.5585282967055114,MAPK3
P27361,Lasso,-0.1723723895844738,0.2639775783087392,-0.2044261963252047,1.3751314099354923,MAPK3
P27361,ElasticNet,-0.2360709824421177,0.3889145245414932,-0.2268854089694696,1.400773802008813,MAPK3
P27361,GradientBoosting,-1.049455101154651,0.8325426989070748,-0.3738002945014205,1.5685111646620526,MAPK3
P27361,MLP,-0.4802597555776964,0.5937771166897433,-0.6664402563811516,1.9026274472628064,MAPK3
P27448,RandomForest,-0.5091243146386375,1.4387912714376951,-0.5239033187411948,1.0329455352424506,MARK3
P27448,XGBoost,-2.0970352887084576,3.521368239473442,-0.3430127980006001,0.9103327333220342,MARK3
P27448,PLS,-1.091439897396021,1.1152818914317393,-0.7104438251101646,1.1593880600575155,MARK3
P27448,SVR,-0.4546025130853592,0.5276335397276746,-0.4768159933496989,1.001028390675936,MARK3
P27448,Lasso,-0.438417418922803,0.519744279723094,-0.5709320600059966,1.0648229698015386,MARK3
P27448,ElasticNet,-0.5233812177767638,0.6425998697026337,-0.659339425035284,1.1247480266384684,MARK3
P27448,GradientBoosting,-1.0454813679109016,2.3807945059039426,-0.1262239657035184,0.7633870224900171,MARK3
P27448,MLP,-3.8391464710892,5.306285645726553,-1.480861661871793,1.681599446414646,MARK3
P30291,RandomForest,-0.6132295909631249,1.4438481828463356,0.1598816217463238,1.912419509029584,WEE1
P30291,XGBoost,-2.547918566187225,4.897041058502067,0.2382135953416263,1.7341070255009672,WEE1
P30291,PLS,-3.836898905520584,7.384546723061597,0.0192759245343837,2.232489972179988,WEE1
P30291,SVR,-3.8656853065193415,7.567462730198004,0.103093067505379,2.0416912186256977,WEE1
P30291,Lasso,-0.2884485261493077,0.4894456486405065,0.0992044790284059,2.0505430812422607,WEE1
P30291,ElasticNet,-0.7313082227418474,1.5162079123467644,0.0933936450787213,2.0637706840382,WEE1
P30291,GradientBoosting,-2.9124076538919224,6.076052919709757,0.1868296124213543,1.851075935992649,WEE1
P30291,MLP,-0.5511605270777961,0.9637180603168276,0.0286221903436243,2.211214421575653,WEE1
P31749,RandomForest,-0.4217512732035756,1.3669324085810957,0.2841461992338066,1.8816522146249015,AKT1
P31749,XGBoost,-1.1226693764222404,1.834564255047119,-0.52465482073383,4.007620154983786,AKT1
P31749,PLS,-0.3140180317288282,0.3190014988189117,0.1147333144502797,2.3269612001995035,AKT1
P31749,SVR,-0.5197260116313256,0.2964475933780738,0.0905692477752374,2.3904774789770578,AKT1
P31749,Lasso,-0.1609103601677833,0.0911621942615765,0.0034560243252358,2.619458298318054,AKT1
P31749,ElasticNet,-0.1809463526486736,0.1033423985518032,0.0100879173905374,2.602026084840772,AKT1
P31749,GradientBoosting,-1.0572910896233334,2.2603236213175086,0.2092375991967081,2.078552661340968,AKT1
P31749,MLP,-0.2889371595413801,0.2066122000716669,0.0114087002780373,2.59855435074836,AKT1
P33981,RandomForest,-0.63591908295729,0.598171252807789,-0.3466034072553789,1.2241531065065911,TTK
P33981,XGBoost,-0.5610031154867656,0.548134165605932,-0.3435149846380463,1.2213455225358074,TTK
P33981,PLS,-1.0579394097679835,1.3369600162054724,-0.1471253017673965,1.0428140862742945,TTK
P33981,SVR,-2.2745934048111134,3.180172032169309,-0.004391089990023,0.9130590835685088,TTK
P33981,Lasso,-0.7652156233623197,0.9065656187137858,-0.1043834366471767,1.0039588548951863,TTK
P33981,ElasticNet,-0.8640108409261906,1.0351451925507955,-0.1071421273086363,1.0064666903313075,TTK
P33981,GradientBoosting,-0.6844255135721653,0.7573685850991518,-0.8084417125217263,1.643995201847673,TTK
P33981,MLP,-1.0765784273546877,1.3735742851595876,-0.2881122225176213,1.1709806838659007,TTK
P42345,RandomForest,-2.3445228063838366,2.439712714221676,-2.026912234017582,3.32824436697839,MTOR
P42345,XGBoost,-3.7782545274917823,3.840565120585811,-1.1203087218927807,2.3313875706690896,MTOR
P42345,PLS,-0.9178572258335204,0.5429574376247012,-0.843378992968399,2.026889210927063,MTOR
P42345,SVR,-0.4850404496254407,0.2890132560461472,-0.1115982009727807,1.2222589109630193,MTOR
P42345,Lasso,-0.8069890391190768,0.4722293091858073,-0.6494229242441627,1.8136246220440533,MTOR
P42345,ElasticNet,-0.8305433883474865,0.4806471702904245,-0.7099814299666307,1.8802117874326956,MTOR
P42345,GradientBoosting,-3.884698715605328,4.332947032999319,-3.007770393322203,4.40674793468092,MTOR
P42345,MLP,-1.412281439159526,1.3145686002506651,-0.5406707964467818,1.6940461114183487,MTOR
P48730,RandomForest,-0.9906395998915224,0.8680880558868931,0.2065867948740166,0.8664167897689891,CSNK1D
P48730,XGBoost,-1.7603626518682334,1.379047319096151,-0.0963202490520638,1.197194935256467,CSNK1D
P48730,PLS,-0.8091226458603563,1.0214562468395223,-0.0839169971428461,1.1836504345694965,CSNK1D
P48730,SVR,-0.9396163424695724,1.1099514970355506,-0.1971218532856968,1.307271502900436,CSNK1D
P48730,Lasso,-0.6007463592776322,0.8059295664715096,-0.0644995964700638,1.1624463988313984,CSNK1D
P48730,ElasticNet,-0.664090983173509,0.8936640937422549,-0.0629309928504557,1.1607334647590382,CSNK1D
P48730,GradientBoosting,-1.874907340486046,1.4359081825788431,0.0825079469760725,1.0019123882533894,CSNK1D
P48730,MLP,-0.7274422728516878,0.8274448215223872,-0.0403064829756294,1.1360272270896874,CSNK1D
P49759,RandomForest,-0.6288960428506908,1.203427411695157,-0.0864944666235807,1.3682504001091915,CLK1
P49759,XGBoost,-0.7865313095142621,1.489996872978237,-0.4268665337853454,1.7968896904015232,CLK1
P49759,PLS,-0.8410411565786233,1.3736610072752893,0.1181864839123284,1.1104904196688004,CLK1
P49759,SVR,-1.2423785837811807,1.873376304865609,0.0944252324996404,1.1404135741359729,CLK1
P49759,Lasso,-0.7167925689547348,1.1989929947610969,0.0909738376060144,1.144760004411696,CLK1
P49759,ElasticNet,-0.7414241015626946,1.2462172118558956,0.1070963932173315,1.1244564558492072,CLK1
P49759,GradientBoosting,-0.8527095782505626,1.5926269045234132,-0.2195610743403531,1.535824598453199,CLK1
P49759,MLP,-1.184698169577984,1.459938250076965,0.0297760279626504,1.2218279786191977,CLK1
P49761,RandomForest,-2.607193335633497,4.545321248865152,0.1625899749254494,0.900315837855262,CLK3
P49761,XGBoost,-4.845483277201548,7.678671043539258,0.1487352333631836,0.91521134051752,CLK3
P49761,PLS,-0.7743651158121587,1.2555966006400132,0.2914929883343767,0.7617296960079695,CLK3
P49761,SVR,-0.2564724724567918,0.388728195221096,-0.0667044360114501,1.1468347276665054,CLK3
P49761,Lasso,-0.6583309211091167,0.7202806130870314,0.1903132014861567,0.8705100566946742,CLK3
P49761,ElasticNet,-0.6746620850584277,0.8975265396641957,0.2406231883063602,0.8164208093961524,CLK3
P49761,GradientBoosting,-2.258981815935449,3.1268795836350987,0.0837223101659776,0.9851080012537006,CLK3
P49761,MLP,-0.7550336867921426,0.7431981555869859,0.3216608926224797,0.7292955941794622,CLK3
P49841,RandomForest,-0.5058055201208665,1.2532487285572949,0.2306339363611279,0.890137529050731,GSK3B
P49841,XGBoost,-1.179563197050634,2.169173630668954,-0.1064843748073822,1.280175086831739,GSK3B
P49841,PLS,-0.3927390713599157,1.0260888568639894,0.3372935449466754,0.7667349968584333,GSK3B
P49841,SVR,-0.488124864936054,1.0471579963634805,0.2845799467811103,0.8277233276882862,GSK3B
P49841,Lasso,-0.6341072024129779,1.2901542109677462,0.1971505028986783,0.9288770343850726,GSK3B
P49841,ElasticNet,-0.4966352264268679,1.1186672943913298,0.2595514711807219,0.8566806556492625,GSK3B
P49841,GradientBoosting,-1.442617703778707,2.421778241677755,0.6292427953252255,0.4289569265455257,GSK3B
P49841,MLP,-0.633886380923155,0.5435443894545339,0.1438053472069737,0.9905960616705404,GSK3B
P51812,RandomForest,-0.1198035447838664,0.2851524031206203,-0.0125137883229138,1.294725370648063,RPS6KA3
P51812,XGBoost,-1.1478021934277407,1.7603023167438128,-0.0933063726100185,1.3980367623971064,RPS6KA3
P51812,PLS,-0.3117724696575791,0.5319751921825727,-0.2423097387033099,1.5885708969618195,RPS6KA3
P51812,SVR,-0.1447378484227015,0.482637969577805,-0.581544004148538,2.022357789674258,RPS6KA3
P51812,Lasso,-0.2574739909463317,0.4111246529640048,-0.1112262684355045,1.4209513577657844,RPS6KA3
P51812,ElasticNet,-0.2568929322487959,0.429787078872054,-0.1401489277452292,1.4579354474905637,RPS6KA3
P51812,GradientBoosting,-0.3228732479444537,0.6060069262306539,-0.1215825199315585,1.434194141924766,RPS6KA3
P51812,MLP,-0.2422536973639427,0.4805890488169648,-0.1549073177765281,1.4768073504945634,RPS6KA3
P51957,RandomForest,-0.6728431130357431,0.6327931290665627,-0.3636716923424454,0.3695373987255776,NEK4
P51957,XGBoost,-1.2470705700078333,1.9548131710940184,-0.6377047100512381,0.4437968037551554,NEK4
P51957,PLS,-1.3158792271167295e+28,2.631758454233459e+28,-0.1222266070896915,0.3041089020863937,NEK4
P51957,SVR,-0.3077957028985521,0.9259531952857916,-0.2901396244420737,0.3496111589661091,NEK4
P51957,Lasso,-0.3519310923266351,0.5766923907511367,-0.0306587158739826,0.2792951873802425,NEK4
P51957,ElasticNet,-0.3406120571405502,0.7857061825677457,-0.0653370049420276,0.2886925553878208,NEK4
P51957,GradientBoosting,-1.3940281746299088,1.0256502296037129,-0.7356812855864625,0.4703471890587721,NEK4
P51957,MLP,-0.0648240223601627,0.3520368234315247,-0.016801743869423,0.2755401271135136,NEK4
P54646,RandomForest,-0.3339466450731387,0.2888951915503527,0.4143577380287102,0.6728586920352614,PRKAA2
P54646,XGBoost,-0.7911553171091759,0.4762877010363085,0.440761275808295,0.6425230228919951,PRKAA2
P54646,PLS,-0.0607245756341616,0.1329993624548176,0.2865632677245486,0.8196848788079855,PRKAA2
P54646,SVR,-0.0203434985317613,0.233834533078523,0.2367941058738698,0.876865883870391,PRKAA2
P54646,Lasso,-0.0456078773466222,0.1668913486997112,0.2372455614662056,0.8763471955189926,PRKAA2
P54646,ElasticNet,-0.0352057188304548,0.161781428553296,0.2527229275979024,0.8585648717220894,PRKAA2
P54646,GradientBoosting,-0.5242992439537038,0.4308217019367812,0.2703949183539942,0.838261090116953,PRKAA2
P54646,MLP,-0.2725989978038231,0.2099937467119845,0.1898648125125451,0.9307840946958044,PRKAA2
P78527,RandomForest,-0.1522115159273152,0.1274101079456411,0.2483237674200316,0.5721816447056403,PRKDC
P78527,XGBoost,-0.4298017202025534,0.6633041442117283,-0.6326190275882426,1.2427619763589932,PRKDC
P78527,PLS,-0.1498715412634905,0.147153269150346,0.0731621377263221,0.7055160046646728,PRKDC
P78527,SVR,-0.1945856420419452,0.2645367132283455,-0.1396880065842536,0.8675391475668284,PRKDC
P78527,Lasso,-0.0793820288052081,0.0724921913604575,0.0704997087699917,0.7075426657630507,PRKDC
P78527,ElasticNet,-0.0902259096969009,0.0817792403380551,0.087149806314601,0.6948684853318232,PRKDC
P78527,GradientBoosting,-0.3316293495165546,0.2876333030182451,-0.1668479711423085,0.8882135184161442,PRKDC
P78527,MLP,-0.1769557774798782,0.3030461216637494,0.0119074789300085,0.7521435151496858,PRKDC
Q00536,RandomForest,-0.3026148269223553,0.4263523827705607,0.0125646843037467,1.0212906457703723,CDK16
Q00536,XGBoost,-1.255547411746948,0.986380140023814,-0.1341561873532595,1.1730420074855634,CDK16
Q00536,PLS,-0.0974467716786861,0.1827103943007658,-0.1293432143157842,1.1680640162557758,CDK16
Q00536,SVR,-0.0302602345173637,0.1654943728762749,-0.1212262573124816,1.159668760254882,CDK16
Q00536,Lasso,-0.1445050967342897,0.1912607344263187,-0.1403648154694248,1.1794635053976932,CDK16
Q00536,ElasticNet,-0.1139113404008859,0.1765465667489495,-0.1233158722068992,1.1618300199455245,CDK16
Q00536,GradientBoosting,-0.8355416653982317,0.5580923231256298,-0.1397547511688619,1.178832524356627,CDK16
Q00536,MLP,-0.450487659881303,0.2636232785366078,-0.0682966638234852,1.104924416138909,CDK16
Q00537,RandomForest,-0.2827117493920556,0.632827014910476,-0.1228922624416972,0.6597350090024182,CDK17
Q00537,XGBoost,-0.3907428440833159,1.1188314783344615,-0.9985436495936236,1.1742081201889436,CDK17
Q00537,PLS,-0.306290281094609,0.637430083152027,-0.0312127796738574,0.6058703895618527,CDK17
Q00537,SVR,-0.5304579067367214,0.5492783153076746,0.0352664600613951,0.5668117164440583,CDK17
Q00537,Lasso,-0.1290973744740968,0.3058815617297503,-0.0606665340620815,0.6231754094345664,CDK17
Q00537,ElasticNet,-0.1333083404765164,0.3464770267502071,0.010053483220308,0.5816251442853566,CDK17
Q00537,GradientBoosting,-0.5278339077523365,0.6209565384704137,-0.5592517185318708,0.9161101033199716,CDK17
Q00537,MLP,-1.4621516101003793,1.8749609244574048,-0.6823855351926278,0.9884551468832268,CDK17
Q05397,RandomForest,-0.822068367548803,1.0223923483532915,-0.0049261244785858,0.6440487012982208,PTK2
Q05397,XGBoost,-1.730309303139165,2.2529037447634863,-0.1621635004843313,0.7448208131433421,PTK2
Q05397,PLS,-0.6859365816927274,0.5969685747876161,-0.146300741976888,0.734654504628846,PTK2
Q05397,SVR,-0.5931024119208522,0.4682421465891231,-0.0524163256473833,0.6744847718133793,PTK2
Q05397,Lasso,-0.5359767382572068,0.6176514376237285,-0.0521970277268273,0.674344225620489,PTK2
Q05397,ElasticNet,-0.593555663398629,0.6165272350479939,-0.0768828597921886,0.690165167772243,PTK2
Q05397,GradientBoosting,-1.173792793792077,1.4797210669871783,-0.9007243739055252,1.2181582652902891,PTK2
Q05397,MLP,-1.213252100896421,2.1779112015486275,-1.817788218133229,1.8058967701369628,PTK2
Q05655,RandomForest,-0.165430271661531,0.2529025977198279,-0.0803934027209509,1.473935919875717,PRKCD
Q05655,XGBoost,-0.9619757677397658,1.237294859611738,-0.6879951789346777,2.3028618284255398,PRKCD
Q05655,PLS,-0.3771308435396854,0.6734301927288613,-0.3764659346496277,1.8778553982797697,PRKCD
Q05655,SVR,-0.5668528263629947,0.6677331707242499,-0.3388440316355716,1.8265293960227755,PRKCD
Q05655,Lasso,-0.3483365775730864,0.6205535956541873,-0.0602803704447258,1.446496543945721,PRKCD
Q05655,ElasticNet,-0.3243420655237549,0.6267331174975035,-0.140835269793266,1.5563942528476449,PRKCD
Q05655,GradientBoosting,-0.4622043848825542,0.1706751992720385,-0.2399770673493189,1.6916492962521037,PRKCD
Q05655,MLP,-1.5276688271017438,1.2218302767687657,-1.227878695495087,3.039402523327149,PRKCD
Q06187,RandomForest,0.0528576279144847,0.2106996280498129,-0.3898814701922433,2.230535823701688,BTK
Q06187,XGBoost,-0.1843627143567606,0.57157879601257,-0.5987798582084929,2.5657840790218565,BTK
Q06187,PLS,-0.3180394482329273,0.4875730131607067,-0.1976092144692087,1.921969831930576,BTK
Q06187,SVR,-0.2978731558478063,0.6296893046684161,-0.3003457212160012,2.0868453724822427,BTK
Q06187,Lasso,-0.2123059360079638,0.4639608023715972,-0.1168851662239096,1.7924207406541393,BTK
Q06187,ElasticNet,-0.2334947582819687,0.4478591237020199,-0.1324824900866079,1.8174519324325389,BTK
Q06187,GradientBoosting,-0.1997636188026492,0.3828842326126118,-0.6259020391318857,2.6093108095121758,BTK
Q06187,MLP,-0.0640675616110332,0.4167844714578216,-0.2006229253914817,1.9268063523955052,BTK
Q07002,RandomForest,-0.4190000493735136,0.3122519552020888,-0.1202842332586187,0.9089848243779064,CDK18
Q07002,XGBoost,-0.2682070888358281,0.1902117400891962,-0.2097035328801402,0.9815385423982332,CDK18
Q07002,PLS,-0.7097850198231022,0.2396273259805943,-0.1968168787843984,0.971082470035272,CDK18
Q07002,SVR,-0.7636726648980519,0.3844012783803615,-0.2087643125630773,0.9807764706046544,CDK18
Q07002,Lasso,-0.5399284902776031,0.4442925371037925,-0.2157117482568891,0.986413534330569,CDK18
Q07002,ElasticNet,-0.5878616149391898,0.3768374305811934,-0.1696394854480185,0.9490310679218448,CDK18
Q07002,GradientBoosting,-0.4348511869465873,0.5469795184520566,-0.1880681662154808,0.9639838724455704,CDK18
Q07002,MLP,-5.310712920184027,2.817951315246064,-0.393441000927494,1.1306208602300771,CDK18
Q13043,RandomForest,-0.5711019820991979,0.6042385136685304,0.6179303567423102,0.5827578307646022,STK4
Q13043,XGBoost,-0.916266806245471,1.2824755270426735,0.3976238277517114,0.9187838857088568,STK4
Q13043,PLS,-0.054177537083105,0.3241708371879471,0.4877208504262451,0.7813619616730124,STK4
Q13043,SVR,-0.0520526974353713,0.5153921669371024,0.49361411181334,0.7723731705385232,STK4
Q13043,Lasso,-0.0039819744857306,0.4482216171692354,0.4357780056487698,0.860588615976579,STK4
Q13043,ElasticNet,-0.0082353454565392,0.4196972531944769,0.4516499445789323,0.8363796874102981,STK4
Q13043,GradientBoosting,-0.99609168914318,1.2826421096432117,0.6674512684984186,0.5072252685164911,STK4
Q13043,MLP,-1.3455523739519917,1.1022302093053506,0.2927930355998868,1.0786787271593432,STK4
Q13131,RandomForest,-0.6241466914981648,0.9967636318146478,-0.1458394063288215,1.4461900173191582,PRKAA1
Q13131,XGBoost,-0.4447967493052134,0.5706742107407315,-0.3569027025209588,1.7125778115332728,PRKAA1
Q13131,PLS,-0.2948246176771261,0.7173873015099651,-0.2969117832786585,1.6368619057450602,PRKAA1
Q13131,SVR,-0.2074183219757095,0.42047219537983,-0.1830104390973355,1.493104424544425,PRKAA1
Q13131,Lasso,-0.3251295237466148,0.6031538277780909,-0.1864057282222582,1.497389696294772,PRKAA1
Q13131,ElasticNet,-0.3183176237389514,0.6314575650886078,-0.2170393570259938,1.5360530970519195,PRKAA1
Q13131,GradientBoosting,-1.0508271894076775,0.9705472775460802,-0.1577602454139006,1.4612355798889989,PRKAA1
Q13131,MLP,-0.4515462898714991,0.7909837711601921,-0.0049776455195271,1.2684051801253664,PRKAA1
Q13153,RandomForest,-0.462514859627019,0.4255773480714335,-0.2796493741206403,2.198350373943444,PAK1
Q13153,XGBoost,-2.8979237695736195,3.891454217169262,-0.4291542124070753,2.455189492377111,PAK1
Q13153,PLS,-0.3993985086702681,0.6241453140303154,-0.0801653750186466,1.8556504649758352,PAK1
Q13153,SVR,-0.1914148235149073,0.2691405371727058,-0.0191327770182525,1.7508006230188482,PAK1
Q13153,Lasso,-0.0635963768252834,0.1853119392076488,-0.0583143163220487,1.8181118360137132,PAK1
Q13153,ElasticNet,-0.0946721136815397,0.2220361317105041,-0.0715037518711911,1.8407703869870888,PAK1
Q13153,GradientBoosting,-0.837955753351688,0.9672171310165356,-0.6324129336008417,2.804374116525145,PAK1
Q13153,MLP,-18.694053377555157,32.52961852734677,-1.6553345300278148,4.561683672953731,PAK1
Q13177,RandomForest,-1.2797584339107804,0.8581782865348554,-0.0785626495173328,0.9713780296643691,PAK2
Q13177,XGBoost,-3.318966765534876,2.8399621427501494,-0.2451641209533226,1.1214231004213608,PAK2
Q13177,PLS,-1.2374776962092215,0.9658998245844232,-0.26315370603223,1.137624929509591,PAK2
Q13177,SVR,-0.6500156031973646,0.4247908627747258,0.027808905527626,0.8755773901761141,PAK2
Q13177,Lasso,-0.5198461978812253,0.3212758348098998,-0.0371818345117693,0.934109527399806,PAK2
Q13177,ElasticNet,-0.6865875292402027,0.3134489770306418,-0.1216233330953548,1.0101594597358985,PAK2
Q13177,GradientBoosting,-2.704453950920472,1.8997281428390933,-0.4181969294006986,1.2772603794260824,PAK2
Q13177,MLP,-5.298764726402339,5.079058453367294,-2.035809142053826,2.734118694138902,PAK2
Q13233,RandomForest,-2.4472059204818555,1.785399613962302,-0.4788747083529527,2.492830801967726,MAP3K1
Q13233,XGBoost,-3.0199225732642363,2.3479581721631093,-0.4243006504513975,2.400839308870328,MAP3K1
Q13233,PLS,-2.342367078303722e+28,4.684734156607444e+28,-0.0108052455675227,1.7038403839819385,MAP3K1
Q13233,SVR,0.0171062385667441,0.336636806185528,-0.0554538333929066,1.7791012389866443,MAP3K1
Q13233,Lasso,-0.3267531322033002,0.4448263597981066,0.0128723814167983,1.6639287420215765,MAP3K1
Q13233,ElasticNet,-0.3250478935019602,0.4650220742959132,0.0102801538327153,1.668298270238412,MAP3K1
Q13233,GradientBoosting,-4.211266400899706,3.5929712521822266,-0.6905050886735506,2.8495606369669884,MAP3K1
Q13233,MLP,-0.3162245065194407,0.4337618963881446,-0.0497708283793119,1.7695218135859598,MAP3K1
Q13263,RandomForest,-0.1802620032122573,0.4027021733326551,0.1322855976420631,0.3121928152347435,TRIM28
Q13263,XGBoost,-0.3834687108917177,0.3864838613737447,0.154296341260204,0.3042736243156063,TRIM28
Q13263,PLS,-0.8391964184856981,0.8841217244483032,-0.090346269664749,0.3922929832469495,TRIM28
Q13263,SVR,-0.3073731514764242,0.6449254131041088,-0.1996885897061835,0.4316329857008358,TRIM28
Q13263,Lasso,-0.1669504227874891,0.2429625260400883,0.1010287335556889,0.3234386449317245,TRIM28
Q13263,ElasticNet,-0.2737671965776376,0.4526476066669,0.09764676892644,0.324655433607538,TRIM28
Q13263,GradientBoosting,-0.4377251320318008,0.6574955180897009,0.1726524545648418,0.2976693237833456,TRIM28
Q13263,MLP,-0.7857147418167278,0.8957303069350212,-1.0807875719812037,0.7486414057863157,TRIM28
Q13555,RandomForest,-0.4687666757587318,0.6719293568081282,0.1325818320975631,1.6671338302190677,CAMK2G
Q13555,XGBoost,-1.1761019845179823,0.5625242843639943,0.0665255288157468,1.7940907028963222,CAMK2G
Q13555,PLS,-1.1259763372834577e+30,9.084492539057564e+29,-7.563096084520634e+29,1.453588800680952e+30,CAMK2G
Q13555,SVR,0.0162248372559951,0.3451464184949921,0.197306386255551,1.5427365119757122,CAMK2G
Q13555,Lasso,0.072153116635055,0.2585632105346331,0.2108347452671127,1.5167356904456977,CAMK2G
Q13555,ElasticNet,0.0606177166722354,0.2888298443519758,0.2172707402732376,1.5043660336839793,CAMK2G
Q13555,GradientBoosting,-0.7994332697044626,0.7432662690156333,0.1171184436106647,1.6968536804945902,CAMK2G
Q13555,MLP,-0.3121366131757127,0.4825538691208801,0.0497904467250012,1.8262546839349496,CAMK2G
Q13627,RandomForest,-0.9127864723475488,0.3498450102967868,-0.577384469346991,1.5990427632403406,DYRK1A
Q13627,XGBoost,-0.9718887765448748,0.5167005131947593,-1.8665156624491424,2.905874385622647,DYRK1A
Q13627,PLS,-0.3877555200077242,0.2609284474320383,-0.4887612895849307,1.509202741985068,DYRK1A
Q13627,SVR,-0.6648923941525708,0.7218851162797739,-0.6189598083438197,1.641188952862497,DYRK1A
Q13627,Lasso,-0.4959910525274017,0.2936278350963657,-0.3361226034659477,1.354468248795772,DYRK1A
Q13627,ElasticNet,-0.4435893209520289,0.254433631694839,-0.3594148624873226,1.3780803224223543,DYRK1A
Q13627,GradientBoosting,-1.1563059653625447,0.5192112975471423,-0.2729087625923336,1.290386449621329,DYRK1A
Q13627,MLP,-0.5694659615907854,0.3599059118807556,-0.2656334833232523,1.2830112770544324,DYRK1A
Q14004,RandomForest,-0.0255725291395539,0.1595541088668519,-0.0122291070918871,0.8637307347994123,CDK13
Q14004,XGBoost,-0.4212411649574406,0.5824822845344007,-0.2780442663300273,1.0905496646256811,CDK13
Q14004,PLS,-0.7560400080878039,0.4039359350672161,0.0132248729666308,0.8420109633114367,CDK13
Q14004,SVR,-0.6641289449079356,0.6325613744768572,-0.6075356151442604,1.371703212599611,CDK13
Q14004,Lasso,-0.1144469485476977,0.3803065808954903,0.0399607043872988,0.8191973935803794,CDK13
Q14004,ElasticNet,-0.1580335487081537,0.3246885334411068,0.0734952958976595,0.790582471164586,CDK13
Q14004,GradientBoosting,-0.1285965130220425,0.3788170931745431,-0.6620919125999545,1.4182558661038382,CDK13
Q14004,MLP,-0.6111411136858612,0.919074914799794,-0.776416294761932,1.5158083687126076,CDK13
Q14680,RandomForest,-1.1054736648563597,1.3300849278066007,0.0899788566013708,0.281947118127364,MELK
Q14680,XGBoost,-2.36279044326706,3.1766717731382874,-0.2789095518655871,0.3962378952508678,MELK
Q14680,PLS,-0.7466042732194168,0.6736848527357632,-0.0899152881413849,0.3376827854205239,MELK
Q14680,SVR,-0.7630196043971043,0.7029572525454628,-0.1130914885207656,0.3448633470519874,MELK
Q14680,Lasso,-0.5054509919582196,0.7125673648309534,-0.1081150035611517,0.3433215085980728,MELK
Q14680,ElasticNet,-0.5801475633310688,0.6624837671571207,-0.1323695539627887,0.3508361698087749,MELK
Q14680,GradientBoosting,-1.8191340506360612,2.0882574181338263,0.0081239260131131,0.3073078055699471,MELK
Q14680,MLP,-1.1685750111643212,1.15401840161349,0.1350861414401273,0.2679717626544786,MELK
Q15139,RandomForest,-0.6479299584832511,0.3688514694579868,0.0370343526854201,1.1263409884753357,PRKD1
Q15139,XGBoost,-1.9021457324318616,1.5283101570867907,-0.261658533366234,1.4757096720458995,PRKD1
Q15139,PLS,-0.1011277096339085,0.2377462693176304,0.0880076707977884,1.0667196118782978,PRKD1
Q15139,SVR,-0.2025387387164122,0.3619252693686559,0.0687449836757985,1.0892503782812093,PRKD1
Q15139,Lasso,-0.1979887483869208,0.1242968879383249,0.0738573391471654,1.0832706680692048,PRKD1
Q15139,ElasticNet,-0.1503980848594489,0.117756181231358,0.0814878047224876,1.074345628881563,PRKD1
Q15139,GradientBoosting,-1.2073682545355084,0.594625139108848,0.0335764555503346,1.130385547373194,PRKD1
Q15139,MLP,-0.5920331168527244,0.4329093955656932,-0.0638236222348562,1.2443103796827186,PRKD1
Q15418,RandomForest,-0.2091760340568374,0.5493552471668123,0.32474535797963,1.3899517594749764,RPS6KA1
Q15418,XGBoost,-0.6974696816902579,1.2166936113696942,-0.0034047229683495,2.065419581541042,RPS6KA1
Q15418,PLS,0.0163657140050891,0.629438366014783,0.291255127641724,1.458888426750772,RPS6KA1
Q15418,SVR,-0.1479119012586763,0.6809865565092296,0.0655491805212311,1.92348409007778,RPS6KA1
Q15418,Lasso,-0.0018371927716283,0.4738822520158998,0.3777905977762908,1.2807628405116964,RPS6KA1
Q15418,ElasticNet,0.0267547850205217,0.4887324185993966,0.3881956622114438,1.2593449387023594,RPS6KA1
Q15418,GradientBoosting,-0.5524210983572325,0.6940281249715967,0.1207908355618814,1.809774045241472,RPS6KA1
Q15418,MLP,-0.6117278022346517,0.3913811406695609,-0.1044183053495315,2.273347077072956,RPS6KA1
Q16512,RandomForest,-0.2234420289826611,0.1402294619852537,-0.1631301469780226,1.1183417559799906,PKN1
Q16512,XGBoost,-0.5452060267993261,0.2405406851346852,-0.1480915396115958,1.103882236885451,PKN1
Q16512,PLS,-0.0954595056273387,0.657460829983541,-0.010779390522047,0.9718575358413176,PKN1
Q16512,SVR,-0.1675332471275255,0.799082681516464,-0.1829262176902681,1.1373755438491784,PKN1
Q16512,Lasso,-0.0115542622268526,0.4510052282430792,0.0570129348267016,0.9066756743192306,PKN1
Q16512,ElasticNet,-0.0321808521421812,0.4848455820924275,0.0311639587560313,0.9315292896814196,PKN1
Q16512,GradientBoosting,-0.85490699315126,0.4415960082899131,-0.1108953352836719,1.068118338432678,PKN1
Q16512,MLP,-0.546071299051848,0.3548960587469896,-0.4849804476921677,1.427798639544153,PKN1
Q16513,RandomForest,-0.1350160413233839,0.1970121561583468,-0.2355475753850868,5.985302187512644,PKN2
Q16513,XGBoost,-0.2504957250630789,0.5654480537870435,-1.1400796699471938,10.367082405543186,PKN2
Q16513,PLS,-0.2387768673536806,0.2634491687610636,-0.1126650113667879,5.390028242681621,PKN2
Q16513,SVR,-0.3633697258164604,0.3226761577026422,-0.1351418959950039,5.498911906422211,PKN2
Q16513,Lasso,-0.1323896297563944,0.1000594785928194,-0.0623822342757283,5.146445865351043,PKN2
Q16513,ElasticNet,-0.1602591678886311,0.1461946864527466,-0.080158219276931,5.23255719285677,PKN2
Q16513,GradientBoosting,-0.2812548939432718,0.3682634971324761,-0.5714635341418586,7.612563300578789,PKN2
Q16513,MLP,-2.156505708845226,3.295814137209223,-0.3145567817477719,6.36804258949905,PKN2
Q16584,RandomForest,-1.100028082687579,0.7924877277305686,-0.5139875523985706,0.1857829212254632,MAP3K11
Q16584,XGBoost,-2.5350772383085496,1.7850704700180902,-1.047938456461805,0.2513045687388039,MAP3K11
Q16584,PLS,-1.3729201835321738,1.7444894951529617,-0.6085749981815813,0.197389840952764,MAP3K11
Q16584,SVR,-0.2620749824742029,0.2286512775176322,-0.3212214735529526,0.1621284036012067,MAP3K11
Q16584,Lasso,-0.5818059798822471,0.6361475484006259,-0.137679420136527,0.1396057753289984,MAP3K11
Q16584,ElasticNet,-0.8246085278350614,1.10350974434588,-0.1014934931035991,0.1351653641639408,MAP3K11
Q16584,GradientBoosting,-1.4219114259024983,1.1824787590877217,-1.3098607872842196,0.2834453189565178,MAP3K11
Q16584,MLP,-2.352538729556668,2.3233525557928023,-0.2506283896246155,0.1534658559271898,MAP3K11
Q2M2I8,RandomForest,-0.6355690251305586,0.247192486151268,0.0885826602847335,1.797600496242877,AAK1
Q2M2I8,XGBoost,-1.3595647927803145,0.3526990088323662,-0.2394937340250436,2.444669916055618,AAK1
Q2M2I8,PLS,-0.7926377849529754,0.1844014503111718,0.2302492508555257,1.5181896024467922,AAK1
Q2M2I8,SVR,-1.558497146487429,0.9571576938431264,0.4237151590494765,1.136614228113699,AAK1
Q2M2I8,Lasso,-0.3630155648795586,0.1503196017153073,0.0036249090169684,1.9651637948370475,AAK1
Q2M2I8,ElasticNet,-0.5053906516145276,0.2080844000132632,0.067931537199439,1.8383309799504788,AAK1
Q2M2I8,GradientBoosting,-1.1956818578747237,0.5154605447005376,-0.1257281333330839,2.220288514311468,AAK1
Q2M2I8,MLP,-6.20084134578167,7.365207162847739,-1.380806769135131,4.6956967386562285,AAK1
Q7KZI7,RandomForest,-0.0319174824380851,0.4447497106021607,0.1768925773785167,1.114593012442213,MARK2
Q7KZI7,XGBoost,-0.5000845143381228,0.9608398906906296,0.0113654794568742,1.338737931614134,MARK2
Q7KZI7,PLS,-0.2912889699264189,0.5431717723250723,0.2723208692337175,0.9853708667442076,MARK2
Q7KZI7,SVR,-0.1252916269041393,0.3701120347325861,0.096937805970738,1.2228620270001174,MARK2
Q7KZI7,Lasso,0.000326390735314,0.3673496801771422,0.1327861837274218,1.174318726020358,MARK2
Q7KZI7,ElasticNet,-0.0925711844369256,0.4101586329330769,0.1249002310625035,1.1849973172894954,MARK2
Q7KZI7,GradientBoosting,-0.5621536869834032,0.764497806928673,0.2220617356100663,1.0534281793242717,MARK2
Q7KZI7,MLP,-3.5970803463073344,2.669664893816994,0.0101001314484844,1.3404513750963556,MARK2
Q8IV63,RandomForest,-0.3507546289677508,0.2641902032034055,-0.3853990248180163,1.488947278518198,VRK3
Q8IV63,XGBoost,-0.5242619976064653,0.3934839070955912,-0.7449623992687548,1.8753853358956185,VRK3
Q8IV63,PLS,-0.4766384478717705,0.239132798114876,-0.384111024589439,1.487563009870165,VRK3
Q8IV63,SVR,-0.930475225939834,0.4552669322215562,-0.2600296028209428,1.3542074264265145,VRK3
Q8IV63,Lasso,-0.3347584999669084,0.1968034626629704,-0.3796814542963247,1.4828023622049162,VRK3
Q8IV63,ElasticNet,-0.3854706876437083,0.2187287853540827,-0.3858066026424285,1.4893853197478883,VRK3
Q8IV63,GradientBoosting,-0.2269405634787924,0.3919294423592185,-0.2111788172677453,1.3017054086685158,VRK3
Q8IV63,MLP,-0.0553770069152302,0.2074349349316693,-0.1451632917085106,1.230755714493379,VRK3
Q8IVT5,RandomForest,-0.6603502471424394,1.0819186833439438,-0.1016980330491779,3.3556493104957106,KSR1
Q8IVT5,XGBoost,-2.3210744215466845,2.4548595046943107,-0.2548212496674957,3.8220455468981833,KSR1
Q8IVT5,PLS,-1.7699178946693628,2.5841347698338697,-0.3895933914246594,4.232546456398554,KSR1
Q8IVT5,SVR,-0.9632283768874238,0.9130625764589916,-0.2776814319185086,3.891675111903491,KSR1
Q8IVT5,Lasso,-1.8248449448737305,3.047302955881648,-0.0880348423633783,3.314032755842274,KSR1
Q8IVT5,ElasticNet,-1.7106483471530285,2.7758640915621737,-0.1833794296324049,3.60444173264992,KSR1
Q8IVT5,GradientBoosting,-0.4020802889721006,0.6048568099015004,-0.2448765589658712,3.791755128385192,KSR1
Q8IVT5,MLP,-3.983853059991032,4.930990289701241,-1.7414039713794782,8.350010683861422,KSR1
Q8IWQ3,RandomForest,-0.3628194292833815,0.355424236707866,-0.0346221698482627,0.1859816759162965,BRSK2
Q8IWQ3,XGBoost,-1.1528269964072304,1.877124966842941,-1.1532591992137915,0.3870657001393037,BRSK2
Q8IWQ3,PLS,-2.159805446856935,2.173687180842641,0.163144667778574,0.1504314925020946,BRSK2
Q8IWQ3,SVR,-1.8961196260529285,1.6644098529967783,-0.3224076718160304,0.237713439955557,BRSK2
Q8IWQ3,Lasso,-0.6298328130325362,0.7025055891498794,-0.0122375982467233,0.1819578687116498,BRSK2
Q8IWQ3,ElasticNet,-0.987140694007509,1.159539796259293,0.0476692894585438,0.1711891226910721,BRSK2
Q8IWQ3,GradientBoosting,-0.9956827960860312,1.2687367492508983,-1.3964013463397291,0.4307724612412822,BRSK2
Q8IWQ3,MLP,-2.327003409132097,1.3736393133449851,0.1138337978350408,0.1592955189073415,BRSK2
Q8TD19,RandomForest,0.3840672693131352,0.2902767206536855,-0.486670445885748,1.2355456502593096,NEK9
Q8TD19,XGBoost,0.1254826381736715,0.3961662507539327,-0.360436818117462,1.1306351032465622,NEK9
Q8TD19,PLS,0.3078194409850342,0.1982274746150437,0.148743927096403,0.7074639447118531,NEK9
Q8TD19,SVR,0.4233490229675721,0.1544540054029672,0.1396267440153764,0.7150410751576451,NEK9
Q8TD19,Lasso,0.3531600938706057,0.1671800182599091,0.2160817633925679,0.6515006537458916,NEK9
Q8TD19,ElasticNet,0.3436772646883798,0.1629948375158221,0.2219281480966077,0.6466418262829461,NEK9
Q8TD19,GradientBoosting,0.1981484910970088,0.4867139457995915,0.0346146160102337,0.8023148071002516,NEK9
Q8TD19,MLP,0.383725874152899,0.1101440096747623,0.0965647838688109,0.7508291125790991,NEK9
Q92630,RandomForest,-0.2926181098990538,0.6187084052930567,0.1522162995462833,0.801534842449588,DYRK2
Q92630,XGBoost,-0.6802055956968477,0.688864392812856,-0.267238273538317,1.198107051814067,DYRK2
Q92630,PLS,-0.5087532855081476,0.7685278114112758,0.1104914362650343,0.84098350335032,DYRK2
Q92630,SVR,-0.5053010601314173,0.9170039156865708,0.0982667253856478,0.8525413237040929,DYRK2
Q92630,Lasso,-0.4678368538015814,0.6520224904366315,0.127891268573826,0.8245328782193901,DYRK2
Q92630,ElasticNet,-0.4909905342061365,0.7110917077916071,0.127709480282232,0.8247047494756835,DYRK2
Q92630,GradientBoosting,-0.6485726867574709,0.6503969191881984,-0.2681319141855189,1.19895194198473,DYRK2
Q92630,MLP,-0.8562503831610879,1.06090581538479,-0.146263803531609,1.0837320612293753,DYRK2
Q96GX5,RandomForest,-0.417844592694246,0.4448053190458761,0.0345455999042804,0.2203679527982926,MASTL
Q96GX5,XGBoost,-0.8637437719030139,0.6299262245123644,-0.2453162814361595,0.2842472927766044,MASTL
Q96GX5,PLS,-0.1177066489296862,0.2992949566642029,-0.5013616479872973,0.3426904395940703,MASTL
Q96GX5,SVR,-0.2970792514682278,0.3640982560095677,-0.4664704630142278,0.3347264187118209,MASTL
Q96GX5,Lasso,-0.0241161911694651,0.1233016552670845,-0.1370794727706235,0.2595419064417553,MASTL
Q96GX5,ElasticNet,-0.000189247219787,0.1897445318608051,-0.2445612707231528,0.2840749592462486,MASTL
Q96GX5,GradientBoosting,-0.7627596417946205,0.7700297396819915,-0.1169362521137922,0.2549441540274827,MASTL
Q96GX5,MLP,-1.9638216861945024,0.5240635282854634,-2.124807575952465,0.713246993677763,MASTL
Q96Q15,RandomForest,-0.6420677955930014,0.5825706893719713,-0.3454303785613413,0.2501132468988802,SMG1
Q96Q15,XGBoost,-0.9173391551738688,0.5034004298815382,-0.745312270602446,0.324450618782377,SMG1
Q96Q15,PLS,-0.2882740630263486,0.7432061405692243,-0.2003520913057073,0.2231434370460394,SMG1
Q96Q15,SVR,-0.4700715665523852,0.8850868380197239,-0.3748986225509849,0.2555913439465619,SMG1
Q96Q15,Lasso,-0.2426763878597914,0.3937349505905717,-0.0624332086889045,0.1975045484869453,SMG1
Q96Q15,ElasticNet,-0.2287809020023858,0.5357216292586464,-0.1018612126220996,0.2048341481746066,SMG1
Q96Q15,GradientBoosting,-1.054362104222077,0.8875106095781604,-0.7070157703838429,0.3173313637342037,SMG1
Q96Q15,MLP,-0.4806344259882335,0.6784530267261941,-0.2010341166397293,0.2232702244097542,SMG1
Q96QT4,RandomForest,0.5309065765101149,0.3118091012638997,0.594082665299141,0.3868147883969247,TRPM7
Q96QT4,XGBoost,0.6199246537022554,0.1828963144954949,0.5319328561224101,0.4460398158358812,TRPM7
Q96QT4,PLS,0.7638931181426971,0.0586558796121786,0.699394153003629,0.2864592791595642,TRPM7
Q96QT4,SVR,0.7459460956609598,0.0797775664819793,0.6021095332773202,0.3791656663392093,TRPM7
Q96QT4,Lasso,0.7748078898832584,0.0209820371913765,0.621695199274467,0.3605017054766303,TRPM7
Q96QT4,ElasticNet,0.7946793974181081,0.0242230550733824,0.6412971218440368,0.3418222530789917,TRPM7
Q96QT4,GradientBoosting,0.5137228302339775,0.3949826483833284,0.5169552066871401,0.4603126142647948,TRPM7
Q96QT4,MLP,0.7084940581404631,0.1105567088358001,0.6385888455065516,0.344403077421408,TRPM7
Q96RR4,RandomForest,-0.0899176786957817,0.2728761628107848,0.1779089454583193,0.2179754699008821,CAMKK2
Q96RR4,XGBoost,-0.1424839956080049,0.3491279803663343,-0.4827931324537824,0.3931590400197294,CAMKK2
Q96RR4,PLS,-0.3645986605939713,0.4771246856513811,0.3260053068273914,0.1787080751497844,CAMKK2
Q96RR4,SVR,-0.3836239248403029,0.6844555624794121,0.404688780755184,0.1578453408965743,CAMKK2
Q96RR4,Lasso,-0.1219872089039343,0.1969705754587515,-0.0186178662896907,0.2700840823255448,CAMKK2
Q96RR4,ElasticNet,-0.163699819518311,0.3544844055310294,0.0103382466224728,0.2624064384883294,CAMKK2
Q96RR4,GradientBoosting,-0.1542634400536409,0.3153137573797991,-0.1508026698593512,0.3051325657175894,CAMKK2
Q96RR4,MLP,0.0078746080623957,0.4171632550460429,-0.6770433485633791,0.4446640185752289,CAMKK2
Q96S53,RandomForest,-0.7919235686203546,0.3931193335509362,0.1521579918158393,0.8123920088500992,TESK2
Q96S53,XGBoost,-1.620800586538612,1.2969983870519597,0.1980478081597986,0.768420939092332,TESK2
Q96S53,PLS,-0.3502306848038238,0.3735091425864361,-0.0123258483258807,0.9699984449858818,TESK2
Q96S53,SVR,-0.381987661103436,0.5822232930481775,-0.0715461595348261,1.026742634496851,TESK2
Q96S53,Lasso,-0.2215099915906936,0.2639322814710102,-0.0736552978210949,1.0287635854202368,TESK2
Q96S53,ElasticNet,-0.204829126408972,0.2716389311326365,-0.0409173484737404,0.997394476341894,TESK2
Q96S53,GradientBoosting,-1.0224664293471537,0.5123205457453361,0.2280791198296105,0.7396452976634602,TESK2
Q96S53,MLP,-0.4250052473678993,0.6234930390416953,0.0027875135319649,0.9555170035361124,TESK2
Q96SB4,RandomForest,-0.5971894731126428,0.6139011596925947,0.0318044292575956,1.1837360716629284,SRPK1
Q96SB4,XGBoost,-0.8575377753571842,0.8506988388372865,0.2958934580855146,0.8608553242181424,SRPK1
Q96SB4,PLS,-0.0854898337070832,0.5168496200941969,0.6039294335450266,0.4842441244357439,SRPK1
Q96SB4,SVR,0.0165307257055869,0.5245858744041303,0.5268061164812727,0.5785366983055658,SRPK1
Q96SB4,Lasso,-0.1681068520556835,0.3410061853885513,0.532865260613103,0.571128662482026,SRPK1
Q96SB4,ElasticNet,-0.1061872913917547,0.3888055779782517,0.5492895169520744,0.551048024575605,SRPK1
Q96SB4,GradientBoosting,-0.5877182212012267,0.6219302832398638,-0.0493557363710071,1.2829641806730194,SRPK1
Q96SB4,MLP,-0.2007655506698428,0.5122810817175721,0.468507700398479,0.6498135561258312,SRPK1
Q99640,RandomForest,-1.1877447696447176,1.3150253078177092,-0.0455015132810212,0.8736858288119966,PKMYT1
Q99640,XGBoost,-1.0485747620410273,0.5612611866607762,-0.4445480294617869,1.2071538169450953,PKMYT1
Q99640,PLS,-0.8371884161010668,0.9179045862808892,-0.1588209293886793,0.9683825525611656,PKMYT1
Q99640,SVR,-0.8291313808877625,0.7520334613071629,-0.0977871097886189,0.9173789121211848,PKMYT1
Q99640,Lasso,-0.6165003871708603,0.7495868350760696,-0.1385518965812575,0.9514444931680271,PKMYT1
Q99640,ElasticNet,-0.694536522621892,0.828242796840139,-0.1385518965812575,0.9514444931680271,PKMYT1
Q99640,GradientBoosting,-0.9072067349814764,0.4375318943184964,-0.2106963198566256,1.0117328422931242,PKMYT1
Q99640,MLP,-0.7623064935167093,1.2323290154984343,-0.177569169175356,0.9840497430995936,PKMYT1
Q99759,RandomForest,-0.5800843548348572,0.4775825025339965,-0.1851584125179228,4.5800487166176405,MAP3K3
Q99759,XGBoost,-1.8387075186876107,1.780172505447787,-0.2488400001758113,4.82614642874123,MAP3K3
Q99759,PLS,-0.775488194268467,0.8933018657427642,-0.1491191872930299,4.440775008144793,MAP3K3
Q99759,SVR,-0.4213090712199324,0.3535825993592795,-0.3183121097869685,5.094621632650301,MAP3K3
Q99759,Lasso,-0.6200881454675853,0.7069618733304399,-0.0946864281062271,4.230419425108585,MAP3K3
Q99759,ElasticNet,-0.6592027549571771,0.7593081812185981,-0.1138174462629546,4.304351309851447,MAP3K3
Q99759,GradientBoosting,-1.3545749958856663,1.925275847552704,-0.1926895537335606,4.609152837463449,MAP3K3
Q99759,MLP,-0.1585976650273918,0.3399307942826728,-0.3021446551848659,5.032142449345162,MAP3K3
Q9BZL6,RandomForest,-0.2556819745331735,0.3768337609023853,0.0525211412625089,0.8453514854919107,PRKD2
Q9BZL6,XGBoost,-0.649902941921104,0.6132175629285269,-0.4013769827363949,1.2503245884229324,PRKD2
Q9BZL6,PLS,-0.50606995584908,0.2625874067329469,0.018855761225289,0.8753881229975063,PRKD2
Q9BZL6,SVR,-0.5093624567853284,0.4232257171813632,-0.1241588661761559,1.0029874109457133,PRKD2
Q9BZL6,Lasso,-0.3143367798625573,0.2408943406363375,0.058336529666229,0.8401629293774789,PRKD2
Q9BZL6,ElasticNet,-0.3497744540983397,0.2012854337088009,0.0556466105320592,0.8425629060259855,PRKD2
Q9BZL6,GradientBoosting,-0.7310704582236823,0.7524445020229819,-0.2047185000191413,1.0748636385911476,PRKD2
Q9BZL6,MLP,-0.1973017101217825,0.1685667527327206,0.1440838637463103,0.763658176186304,PRKD2
Q9H0K1,RandomForest,-0.2296201039533973,0.6583782695453879,0.1433797768961491,0.7841131503241564,SIK2
Q9H0K1,XGBoost,-0.315485022345112,0.4271577814189167,0.015834424333613,0.9008626567094274,SIK2
Q9H0K1,PLS,0.1977746590153846,0.2657686400681991,0.0354301860254322,0.8829255429001135,SIK2
Q9H0K1,SVR,0.0452578502800294,0.3011509133193693,-0.03348658239869,0.9460089758400893,SIK2
Q9H0K1,Lasso,0.1094294230982934,0.2961557889807842,0.0481003063849098,0.8713278620117745,SIK2
Q9H0K1,ElasticNet,0.1500075089230237,0.3047375893840593,0.0567224618311432,0.8634355133522553,SIK2
Q9H0K1,GradientBoosting,-0.4860291224391172,0.7775304494969781,0.0375932135446239,0.8809456009415103,SIK2
Q9H0K1,MLP,-0.3829421753614836,0.2768176108052447,0.0418749837999832,0.8770262534017932,SIK2
Q9H4A3,RandomForest,-0.3340069433629511,0.5509114600428523,-1.132372544133863,3.9848104110778535,WNK1
Q9H4A3,XGBoost,-0.6109050181681341,1.2327028985754285,-1.7869129110744426,5.207964064894457,WNK1
Q9H4A3,PLS,-1.6405681818496785,1.8224425234004011,-1.1922777819410024,4.096756616701573,WNK1
Q9H4A3,SVR,-1.1250719853072766,1.01345724724661,-0.3862300121647912,2.590477822376272,WNK1
Q9H4A3,Lasso,-1.1270504816618785,1.3955152658706744,-0.8008452024637613,3.365278141128943,WNK1
Q9H4A3,ElasticNet,-1.222020141404908,1.488249868283766,-0.7566825087031148,3.282750365969397,WNK1
Q9H4A3,GradientBoosting,-0.4733133624125756,1.0635553702978249,-4.3715866554747365,10.037999451656267,WNK1
Q9H4A3,MLP,-3.6562999846642974,2.82086562598852,-2.156498501574766,5.898616602539208,WNK1
Q9HAZ1,RandomForest,-0.6275775863549016,0.7160102877836609,-0.2164955923527123,2.087961937646693,CLK4
Q9HAZ1,XGBoost,-1.586020357575413,1.4724654587660058,-0.3787355065047344,2.3664263789862154,CLK4
Q9HAZ1,PLS,-0.1707743236388142,0.1812866059938556,-0.2510888259552088,2.1473368795011405,CLK4
Q9HAZ1,SVR,-0.2211572288843009,0.2238754408615898,-0.1585268648889408,1.9884658956724808,CLK4
Q9HAZ1,Lasso,-0.1211599450161481,0.1973621425449688,-0.2744452662326888,2.187425276536743,CLK4
Q9HAZ1,ElasticNet,-0.1430564310128366,0.1944296668538224,-0.2883607195316771,2.2113094048607884,CLK4
Q9HAZ1,GradientBoosting,-1.0741769845062108,0.9864600143474126,-0.9242663404133824,3.3027615569961823,CLK4
Q9HAZ1,MLP,-0.0923839973084515,0.1502044240965793,-0.3672180452515508,2.346658102910131,CLK4
Q9HBH9,RandomForest,-3.3574521470089964,5.071424151301717,-0.2921923820929932,1.3691671717535543,MKNK2
Q9HBH9,XGBoost,-4.939514540040313,7.233847833590472,-0.4335008508819884,1.518893264584467,MKNK2
Q9HBH9,PLS,-2.168069615378107,3.666648942756056,-0.2548283385218814,1.3295773842184546,MKNK2
Q9HBH9,SVR,-1.2847285033352362,2.400993640833964,-0.866215749903462,1.9773846182552235,MKNK2
Q9HBH9,Lasso,-1.197953918797403,1.715731801163103,-0.1691800010149469,1.2388270488544404,MKNK2
Q9HBH9,ElasticNet,-1.4687277306905762,2.2636170330914243,-0.1854114423083583,1.2560253831560158,MKNK2
Q9HBH9,GradientBoosting,-4.564680544860764,5.871587957656042,-0.2751292289821547,1.3510875812763807,MKNK2
Q9HBH9,MLP,-1.8353995685933129,1.7467521069174228,-0.1936599715157339,1.2647652701592933,MKNK2
Q9NSY1,RandomForest,-0.5827894012644915,0.1598117663240938,0.1599487225500435,1.6568442659706957,BMP2K
Q9NSY1,XGBoost,-1.0983482820697552,0.4609685106420705,0.2525502896535299,1.474204968116105,BMP2K
Q9NSY1,PLS,-0.705386857641497,0.4836934641754729,-0.027052303624214,2.025668867830684,BMP2K
Q9NSY1,SVR,-1.2100704794058783,0.8416137000455842,0.0133248439924129,1.9460324845518715,BMP2K
Q9NSY1,Lasso,-0.3977874323761068,0.1542850921055625,-0.0047376127278349,1.981657307285468,BMP2K
Q9NSY1,ElasticNet,-0.5016968606019022,0.2465806602283977,0.0015950334245641,1.969167345365675,BMP2K
Q9NSY1,GradientBoosting,-1.252691034074027,0.6123070200922824,0.2535234662108717,1.4722855590965704,BMP2K
Q9NSY1,MLP,-0.5881074240487942,0.3543779404170035,-0.0786754546640597,2.127485892681054,BMP2K
Q9NYV4,RandomForest,-0.0550376696018824,0.4488683875725421,-0.3076618150833352,0.6349920245993355,CDK12
Q9NYV4,XGBoost,-0.523701333358676,0.8132504351853582,-0.2967226566516072,0.6296800408128139,CDK12
Q9NYV4,PLS,-0.594592064938752,0.527852025233911,-0.2278626767701179,0.5962420849633271,CDK12
Q9NYV4,SVR,-3.039157120851418,3.8825866891099112,0.2329420389936995,0.3724783288968243,CDK12
Q9NYV4,Lasso,-0.15860943732039,0.2331942489123402,-0.0976556524867986,0.5330144055946743,CDK12
Q9NYV4,ElasticNet,-0.3174528116002101,0.4443769465665552,-0.155323594686233,0.561017581147646,CDK12
Q9NYV4,GradientBoosting,-0.5286185351775263,0.6908914322531685,-1.0303716854918663,0.9859352107620288,CDK12
Q9NYV4,MLP,-1.1422916549693662,1.2769830050675348,-2.0595930035997805,1.4857183511793326,CDK12
Q9UKE5,RandomForest,0.823047256080488,0.0867253671180431,0.930780263946687,0.0297355820796279,TNIK
Q9UKE5,XGBoost,0.7773087327750086,0.1379897364901239,0.9176350579889184,0.0353825315336071,TNIK
Q9UKE5,PLS,0.9557367325256536,0.016918542810817,0.9748788807067658,0.0107915913476,TNIK
Q9UKE5,SVR,0.94989131279353,0.0216356017777842,0.9754457897458716,0.0105480571877611,TNIK
Q9UKE5,Lasso,0.8973268354645356,0.0249820270989667,0.8938622965229671,0.0455948920558398,TNIK
Q9UKE5,ElasticNet,0.9277561430600028,0.0155431427665497,0.938930347867078,0.0262344492642126,TNIK
Q9UKE5,GradientBoosting,0.8360787035704911,0.1402965946250237,0.9529397692792434,0.0202162480395114,TNIK
Q9UKE5,MLP,0.3550772405433714,0.1323476677891714,0.7223652485434727,0.119267009826998,TNIK
Q9Y2K2,RandomForest,-0.0863159101649158,0.389205168794806,-0.5670865998558905,0.9529787788538596,SIK3
Q9Y2K2,XGBoost,-0.2184436605072085,0.3661543295763235,-2.4254205751550373,2.083071297446053,SIK3
Q9Y2K2,PLS,-0.2410661947130441,0.404545689191413,-0.0006829698070154,0.6085366530951378,SIK3
Q9Y2K2,SVR,-0.2227313899474869,0.3198374924805784,-0.0223158450980065,0.6216920658718168,SIK3
Q9Y2K2,Lasso,-0.1735224129075283,0.258623035261701,0.052191999066675,0.576382256985938,SIK3
Q9Y2K2,ElasticNet,-0.1646387422200188,0.3145997244151943,0.0513968859125454,0.5768657822504274,SIK3
Q9Y2K2,GradientBoosting,-0.0202734338050894,0.2342821310152832,-0.5224888789150823,0.925857953721576,SIK3
Q9Y2K2,MLP,-0.9176175900229064,1.2524320621044984,-0.949811383875686,1.1857218814659505,SIK3
Q9Y2U5,RandomForest,-0.7839345303150221,0.648240197430555,-0.0246358227313412,6.615474483601686,MAP3K2
Q9Y2U5,XGBoost,-0.9996968660508234,0.7248148697097553,-0.1963177305389933,7.723924193441055,MAP3K2
Q9Y2U5,PLS,-1.0267561915502594,0.946253976061698,-0.0274034468161945,6.633343414306005,MAP3K2
Q9Y2U5,SVR,-0.8604390879935725,0.8580051729417706,-0.0529475836561459,6.798266972238876,MAP3K2
Q9Y2U5,Lasso,-0.7513097362821045,0.6469943070751135,-0.0125049710504721,6.537152666250792,MAP3K2
Q9Y2U5,ElasticNet,-0.8120106893105217,0.7102971564219105,-0.0190924413424409,6.579684110751567,MAP3K2
Q9Y2U5,GradientBoosting,-0.9353315377806742,1.0015627646593888,-0.1377306490451484,7.345661659482348,MAP3K2
Q9Y2U5,MLP,-3.830951428244538,3.565110414245709,-1.284819268332305,14.75174226195,MAP3K2
Q9Y3S1,RandomForest,-0.0627016720954629,0.7869632198192857,-2.709431168958901,9.12130456411901,WNK2
Q9Y3S1,XGBoost,-0.6677057909431747,1.92247191717495,-3.2814561769706945,10.527885271163797,WNK2
Q9Y3S1,PLS,-0.0929593678881269,0.4282027153040478,-1.3128831131457417,5.6872631773704105,WNK2
Q9Y3S1,SVR,-0.1550722841880739,0.563966220518266,-0.4011319740563741,3.4453130110189902,WNK2
Q9Y3S1,Lasso,-0.0519420999893404,0.3644648262449043,-1.1345981867832449,5.248869515789065,WNK2
Q9Y3S1,ElasticNet,-0.0204095759544405,0.3444286448515044,-1.1198936914782545,5.212711901850613,WNK2
Q9Y3S1,GradientBoosting,-0.4029167682400046,1.274724936474571,-4.5951398245052735,13.75816724817881,WNK2
Q9Y3S1,MLP,-1.653602503379967,2.160397701058231,-1.5390590818758003,6.243418501975217,WNK2
