Kinase,Model,CV Mean R²,CV Std R²,Test R²,Test MSE
O00418,RandomForest,-0.4572055609801276,0.321889477595916,-0.08569533461970047,1.9636180704212867
O00418,XGBoost,-1.7110036875778447,1.3040692799225369,-0.36546788330738744,2.4696223007916736
O00418,PLS,-0.37319453711034445,0.323411286732832,0.09948851466739261,1.6286895308806049
O00418,SVR,-0.39533480599894855,0.4285389022474773,0.1192333539128142,1.5929784783379928
O00418,Lasso,-0.19712370997611603,0.1622091852202537,0.05197872874590903,1.714617020096491
O00418,ElasticNet,-0.21214084134754935,0.18380580804203964,0.09308636315612973,1.6402686359906904
O00418,GradientBoosting,-1.6134623849483005,0.6489081127190437,-0.3168186060725553,2.381633896637102
O00418,MLP,-0.9962515306585796,1.0863268638143255,0.17806260172228128,1.4865783029071704
O14578,RandomForest,-0.036832037603534505,0.549438993982292,0.07514899281169352,0.48879726549585617
O14578,XGBoost,-0.30212259483472154,0.8601675501772413,-0.35190281039745486,0.7145003809288102
O14578,PLS,-0.04866232440854781,0.42238478468413293,0.012164309370028659,0.5220855906370099
O14578,SVR,0.1258490555636121,0.22832960489666523,0.01523208070777271,0.5204642286777311
O14578,Lasso,0.20858388556114954,0.19112436444940378,0.2976901283165727,0.37118102498828665
O14578,ElasticNet,0.15738634034124768,0.24373353678297952,0.28609798116520024,0.37730764407047007
O14578,GradientBoosting,-0.39293213226275797,1.167014862233854,-0.43762353240498264,0.7598050345302512
O14578,MLP,-0.2132954092748694,0.8082653492824177,-0.08101124809843951,0.5713302336634581
O15075,RandomForest,0.3853844589923603,0.2778256141361822,-0.49792372592864775,0.3199510512043297
O15075,XGBoost,-1.1236383597235322,1.633254782323972,-1.3352454548904555,0.49879992230520614
O15075,PLS,0.02724426943456615,0.4052611274662686,-0.15289756337791238,0.24625471974882399
O15075,SVR,0.16838376638530955,0.37372972641351315,-0.18176393546312553,0.2524204716714684
O15075,Lasso,-0.05141529179517135,0.05501650383427429,-0.042251033588086795,0.2226210240501872
O15075,ElasticNet,0.03546599779283051,0.17886885598232777,-0.06594320803448395,0.22768158620580806
O15075,GradientBoosting,0.08276536978403197,0.38512571159936476,-0.65554260173796,0.3536178689013186
O15075,MLP,-2.7750490621363504,3.2895966937460126,-0.5258079705850398,0.3259070242858832
O43318,RandomForest,-0.9321135035436054,0.5394563085240414,-0.016650981358558026,0.663023388548784
O43318,XGBoost,-1.0098495117171606,0.3799972304906618,-0.323742422202526,0.8632974368073242
O43318,PLS,-0.7771880335271335,0.47160023324556305,0.06032840873817258,0.6128201850834717
O43318,SVR,-0.7480405752006765,0.5382230240923433,0.10173658759722082,0.5858152526492626
O43318,Lasso,-0.3713320780994299,0.22832855562942422,0.005639332538748154,0.6484864434978297
O43318,ElasticNet,-0.523357672288624,0.3124915560046085,0.039472686709129956,0.6264215406557145
O43318,GradientBoosting,-1.6429670469572468,1.401730023165194,-0.2803490272621436,0.8349978174870719
O43318,MLP,-0.9640824775206298,0.30299028801898004,-0.2670414568767625,0.8263190963014825
O43353,RandomForest,-0.33742313932417467,0.32345962326843763,0.2025186691052061,0.5162479594286222
O43353,XGBoost,-1.1107891335611793,0.759779218012005,0.115329421433787,0.5726897461523104
O43353,PLS,-0.14685219422845647,0.4991679682482658,0.307977630734969,0.447979309573534
O43353,SVR,-0.09039521963253556,0.3881249032211307,0.27500012591392486,0.4693272319779489
O43353,Lasso,-0.15095214223977718,0.3750275070615674,0.2596709178292955,0.4792505644583059
O43353,ElasticNet,-0.12114219975593707,0.43098725759017525,0.2852811168903867,0.4626718528400482
O43353,GradientBoosting,-0.8018874129264212,0.49785055724869476,0.2831915931769312,0.46402450187578015
O43353,MLP,-0.545985645827969,0.8595484482015899,0.3191969063270361,0.44071653374883435
O43683,RandomForest,-1.797485399255813,3.2670506145195084,-0.2946754968065788,2.9920632880015496
O43683,XGBoost,-3.4412442966649754,3.358450315133562,-0.9613684749671527,4.532825887774988
O43683,PLS,-1.3659923212419245,3.026733740425138,0.058271199257610484,2.1763848770639003
O43683,SVR,-0.4727574067797399,1.2197450255335465,0.026725814404157222,2.249287923548296
O43683,Lasso,-0.6791737904839712,1.7753477116909053,0.052198644063622845,2.1904188720727733
O43683,ElasticNet,-0.7610927939468534,1.9124327748907513,0.0559118777942067,2.1818373932756128
O43683,GradientBoosting,-2.392630844981634,2.1514665277240534,-0.2575683073742365,2.9063066180906048
O43683,MLP,-3.052682395723124,6.1304056922814425,0.08100640893263655,2.1238426096142944
O60885,RandomForest,-0.5077276755624648,0.8501420943882757,0.1684911612264618,0.3483452692703947
O60885,XGBoost,-1.786200136846579,2.050490975763716,-0.02357428101692305,0.4288075386727178
O60885,PLS,-0.7821151274785756,1.0584895521920394,0.21399693270383213,0.32928146684344434
O60885,SVR,-0.4039097108661439,0.41377714116769426,-0.040872604650802336,0.43605435184316843
O60885,Lasso,-0.2518921906721373,0.41668266788137726,0.06351260904912315,0.3923240946545837
O60885,ElasticNet,-0.3502325098352263,0.5462773432044247,0.13266810816135222,0.36335267566725177
O60885,GradientBoosting,-0.8665057983059359,1.318798995236126,-0.43173962860629134,0.5998008718555371
O60885,MLP,-2.8746438759517186,3.2031157562491255,-0.6655349642432324,0.6977451093055411
O75385,RandomForest,-1.0038971212945165,1.427060387071406,-0.9149994290942352,0.23612170801013743
O75385,XGBoost,-1.6791933617697423,2.3868496643548505,-0.6123475989018532,0.1988043772623053
O75385,PLS,-1.0651324903680992,1.2507687620144405,-0.481053935613762,0.18261571237003685
O75385,SVR,-1.6896820577943026,1.4346947715529017,-0.2859499213503982,0.15855915528307768
O75385,Lasso,-0.5662853413150777,0.6490069862814678,0.10932260473930955,0.10982158253407263
O75385,ElasticNet,-0.7809175009766921,0.873314364921092,-0.1301782155699973,0.13935231862834419
O75385,GradientBoosting,-1.2081379661360419,1.8128692711239978,-0.5463785680529398,0.19067031727086894
O75385,MLP,-0.5310907051500868,0.6440270890835552,-1.052505236800839,0.25307633770021193
O75676,RandomForest,-0.6633218813842428,0.6463896793583181,-0.4575279443502249,0.5274331615989993
O75676,XGBoost,-0.9389133424968756,0.9623395781072294,-0.8756308329962499,0.6787313437621942
O75676,PLS,-0.4626307648721319,0.4660902560276696,-0.600434462230258,0.5791465004963691
O75676,SVR,-0.8205215708925057,1.164729262040284,-0.3793473028328578,0.4991420656435624
O75676,Lasso,-0.27529607492112745,0.33328691805006333,-0.46140727475696175,0.5288369683042111
O75676,ElasticNet,-0.3177034059709781,0.3487997334370935,-0.4818235010708043,0.5362249534432756
O75676,GradientBoosting,-0.8597263489156415,0.6846593175733963,-0.9756792828873753,0.7149357063911934
O75676,MLP,-1.2347330987422123,0.4116883469481493,-1.583637350013806,0.9349364595205345
O76039,RandomForest,-0.46247940456208336,0.3555777400898603,-0.10226738324142537,1.2208839630186175
O76039,XGBoost,-1.4617110587438185,0.9495269250599147,0.13260625517067048,0.9607352342864757
O76039,PLS,-0.27386418708111315,0.37685509231574565,-0.006298439050601123,1.114587662600243
O76039,SVR,-0.26633962661512756,0.367980046550612,0.01902955387168359,1.0865340879010328
O76039,Lasso,-0.10268334961334458,0.13852593293579504,-0.010355489383508276,1.119081297959424
O76039,ElasticNet,-0.15420559073304557,0.21673786163209718,0.004561934452209537,1.1025585886717535
O76039,GradientBoosting,-0.7996178900853892,0.6461872341287762,-0.21373311787925076,1.3443446858109596
O76039,MLP,-0.20223313979415125,0.12583618698658738,-0.2662446963077927,1.40250711078236
O94804,RandomForest,-0.41361406136251705,0.22150458078352353,0.2713087917662492,0.41430220302302645
O94804,XGBoost,-0.8951121613642978,0.5848317711049056,-0.11209411443515838,0.6322884596017109
O94804,PLS,-1.8829354420314846,1.3326422008183947,-0.1312394663378489,0.6431736759749971
O94804,SVR,-1.760034087226596,1.530133365223125,-0.09391732432674305,0.6219539254386639
O94804,Lasso,-0.6965007074677636,0.692220300404742,0.04675275663605094,0.5419750210909969
O94804,ElasticNet,-0.9450618031435265,0.766550936933655,0.02390680839103243,0.5549642359753145
O94804,GradientBoosting,-0.46597666155128614,0.44425536453397524,0.1879248580621804,0.4617106896905916
O94804,MLP,-2.6880638385253657,1.945853651104647,-0.10012463137421879,0.6254831308902338
O94806,RandomForest,-0.02592402473271891,0.2668460018071326,-0.03751874219426199,0.9179649837608226
O94806,XGBoost,-0.2580200993257703,0.2083976029411783,-0.193765215033322,1.0562071041865744
O94806,PLS,-0.2846839766245043,0.21927077855495797,0.04962528932154009,0.8408625987898553
O94806,SVR,-0.1625579550744641,0.38778058331017357,0.02551238494118624,0.8621969621875946
O94806,Lasso,-0.1892898688873798,0.1742556685239896,0.006513050857439806,0.8790069943290546
O94806,ElasticNet,-0.18339541966581946,0.17204622811092116,0.02835585000948493,0.8596811508975498
O94806,GradientBoosting,-0.19013473209944395,0.40386349515340114,-0.18276262799892984,1.0464723502803535
O94806,MLP,-0.3439313240779912,0.3651353550723636,0.053173195858420064,0.8377235191433285
O94921,RandomForest,-0.3059895937250753,0.3594792008218221,-0.2640562306099945,0.33693170726220184
O94921,XGBoost,-0.5633017157539215,0.4773734407915581,-0.9059938489432751,0.5080389194757672
O94921,PLS,-0.13213626673323367,0.3567008239930591,0.17431450605007248,0.22008484781087068
O94921,SVR,-0.11396480958598076,0.28237308795230204,0.2600999873534271,0.1972188961435933
O94921,Lasso,-0.2135540101705297,0.26916479025311096,-0.2531633538845248,0.3340282323508538
O94921,ElasticNet,-0.1271993064412899,0.2951823306403012,0.08332588829449272,0.24433768528711275
O94921,GradientBoosting,-0.5360457756924937,0.38269780428207134,-0.19100082885715763,0.31745893331334746
O94921,MLP,-0.828252274711326,0.5493486832129705,-0.3146302070421223,0.3504121014168924
O95819,RandomForest,-0.5203811936574677,0.7432951036458337,-0.3633421419138989,0.5275628737486835
O95819,XGBoost,-0.8633017573213806,1.0434978882769568,-1.0180691896184122,0.7809179723617788
O95819,PLS,-0.44755834598069616,0.7772368709682991,-0.2545720536046059,0.4854728813673194
O95819,SVR,-1.03473114964761,1.3417930456034202,-0.5174356095642454,0.587191333927721
O95819,Lasso,-0.485641339004793,0.4817351909980696,-0.049111792029173484,0.40596737595858473
O95819,ElasticNet,-0.4992207370744278,0.5427821970220177,-0.11845127504368924,0.43279918566999925
O95819,GradientBoosting,-0.5209588571686143,0.9013470290708113,-0.9626344484046607,0.7594667823184741
O95819,MLP,-0.763270528637469,0.9990360853060063,-1.3337330816199158,0.9030681978137876
O95835,RandomForest,-0.2650097769517987,0.5178750177783865,0.039243383257900555,0.5544798854371955
O95835,XGBoost,-0.9375309394704713,1.1254552738380077,-0.0003728843533392645,0.5773435567809507
O95835,PLS,-0.6770318020981255,0.5245095550212518,0.05467806011054932,0.5455720957807084
O95835,SVR,-0.9110472324956923,0.6792001391018307,-0.12962643286065045,0.6519394445633434
O95835,Lasso,-0.38277536045520655,0.3807874753442583,0.03840985008003561,0.554960941068681
O95835,ElasticNet,-0.4445295290109662,0.4021231969128951,0.07703566179595733,0.5326688899061418
O95835,GradientBoosting,-0.32796111448157356,0.643991368578089,-0.1222614304319396,0.6476888928296857
O95835,MLP,-2.755346662579057,1.7381777113192527,-0.09781040461735646,0.6335775125318686
O96013,RandomForest,0.42128118209722876,0.15169546054350386,0.5448401774982163,0.5088361965958018
O96013,XGBoost,0.3131604932802591,0.12442211244228271,0.3946339113995295,0.6767560818053827
O96013,PLS,0.5814145346466809,0.06845031656984664,0.6526464626773609,0.388316463948566
O96013,SVR,0.6110590478302639,0.11224012720750529,0.5972465762716048,0.4502495830353983
O96013,Lasso,0.6391342103337736,0.08698895426790186,0.6164697177271592,0.4287594828523378
O96013,ElasticNet,0.644411487301117,0.04190181195130955,0.652509296920895,0.38846980547471316
O96013,GradientBoosting,0.43480892422100315,0.12967956405946846,0.48906816524976815,0.5711853258159751
O96013,MLP,0.414766143267293,0.1456448453807299,0.6620514183888163,0.37780239469907684
P00519,RandomForest,-0.670596622416592,0.4770022373080984,-0.08294960044863475,0.5814876245238674
P00519,XGBoost,-0.9976693555566662,0.6174919320621869,-0.23511665602809062,0.6631934210291093
P00519,PLS,-0.25380509882948915,0.4176282545902576,0.28472158374069334,0.3840673166798458
P00519,SVR,-0.13212924421985872,0.13405102594446966,0.2458042329686162,0.40496391043069285
P00519,Lasso,-0.1360212865720168,0.21696778391745639,0.029713740392087296,0.5209932687299742
P00519,ElasticNet,-0.1382181205917564,0.23414476728028347,0.16162963640928563,0.4501612918954101
P00519,GradientBoosting,-0.8421102513278977,0.3557669456945152,-0.21533465259369367,0.6525715138040408
P00519,MLP,-0.1675593638113932,0.27655702078404926,-0.15617127448949142,0.6208038561232329
P04049,RandomForest,-0.4772091158289594,0.210276869812181,-0.17000683652489101,2.1006735497349807
P04049,XGBoost,-4.169654668731896,3.8585640819762745,-1.6962334797550795,4.840917316051004
P04049,PLS,-2.423913042445848,4.318119002962711,-0.0641107652760542,1.910543826601051
P04049,SVR,-0.29852325229281174,0.5075378683168269,-0.1501012011351608,2.064934235699797
P04049,Lasso,-0.46626875332161666,0.7601069187622608,0.0624790116089281,1.683259858962903
P04049,ElasticNet,-0.6624039512746578,1.0859543432857772,0.024968469553019124,1.7506076735851754
P04049,GradientBoosting,-0.7116782155414155,0.31719997591111876,-0.7022716742449229,3.0563215264369235
P04049,MLP,-5.075896042549022,5.995527236894783,-0.9004002977123271,3.412048985260642
P04626,RandomForest,-0.2069954071234663,0.2984632091030271,-0.74935023243262,1.278004183393356
P04626,XGBoost,-0.5303408828559927,0.45912724403554145,-2.6759183418814754,2.6854765453137133
P04626,PLS,-0.22342553038020796,0.2522930829955216,-0.03579227547309394,0.7567077401878268
P04626,SVR,-0.25588833576449527,0.38690490299387253,-0.026344552407705057,0.7498056176869947
P04626,Lasso,-0.1272409274303835,0.19619472469908397,0.033950334674436755,0.705756623666482
P04626,ElasticNet,-0.14023163894241278,0.21345081011851408,0.02955742123136218,0.708965907692887
P04626,GradientBoosting,-0.6384853377015487,0.4864320668758884,-1.0977827302473213,1.5325548054366958
P04626,MLP,-0.22391645902779148,0.09524383530676579,-0.20088018039404054,0.8773142540836888
P06493,RandomForest,-0.37803208254740206,0.9279938615129982,-0.2108815040030021,2.338869969607107
P06493,XGBoost,-0.9490287277947008,1.0973292343182977,-0.08855490167086288,2.102590849203595
P06493,PLS,-1.2535909319086884,2.4895464528591704,-0.3174941929156876,2.544796986951594
P06493,SVR,-1.5761406896618146,3.229183177734641,-0.3024107854785012,2.515662733453164
P06493,Lasso,-0.7304270544797411,1.5217541184757957,-0.3051938412741957,2.5210383260299536
P06493,ElasticNet,-0.7905777532150202,1.6380285068571672,-0.3043702735856031,2.5194475694378182
P06493,GradientBoosting,-0.6936120914278395,1.2380272429701982,-0.22955886997614727,2.3749461093792794
P06493,MLP,-0.4969928072384603,0.6771123704825136,-0.055113553915292934,2.037997440393465
P10398,RandomForest,-0.3585946326502366,0.4401514857181077,-0.001538697675494527,0.2058432988188389
P10398,XGBoost,-0.8507035909421825,0.8204294194866832,-0.6121333303538383,0.33133701536049454
P10398,PLS,-0.2401841985177294,0.1565441545298808,-0.01318781856036444,0.20823750832551738
P10398,SVR,-0.3499212278909559,0.26214047544249997,-0.010432592694642251,0.20767123486797892
P10398,Lasso,-0.07990545854342815,0.06851151425377237,-0.0330243473789289,0.2123144516713962
P10398,ElasticNet,-0.11351492883945587,0.07861108961126496,-0.023468078304826223,0.21035037983355384
P10398,GradientBoosting,-0.8161979506691225,0.9759596041876303,-0.25659449975103743,0.25826416663349966
P10398,MLP,-0.9388492723593268,0.9055858933759163,-0.40189171319127914,0.288126674985039
P11274,RandomForest,-0.0646640256611138,0.3441753508042359,0.3185627452211054,0.6171826277870401
P11274,XGBoost,-0.5682762284409797,0.9035548711625806,-0.0981684211901459,0.9946190455389688
P11274,PLS,0.053303477690048395,0.3201541005710819,0.29860191084712295,0.635261299191282
P11274,SVR,-0.022844734369374776,0.14082669496018618,0.1737359079152524,0.7483533370426046
P11274,Lasso,0.12113736462211097,0.28855195311898174,0.32390059191099385,0.6123481016091916
P11274,ElasticNet,0.1394711037277453,0.30982150832023253,0.3431802920382616,0.5948863383961513
P11274,GradientBoosting,-0.14755084175174554,0.4333569715123609,0.2410785342385524,0.6873606355358742
P11274,MLP,-1.4775732791846181,0.8446606213695136,-0.11727985182759415,1.011928405863592
P15056,RandomForest,-2.1321400378251036,3.9084343167341364,-0.38013910934052464,3.0597427074310075
P15056,XGBoost,-3.2530166936235183,5.87004398936092,-2.156799637434628,6.998566017071159
P15056,PLS,-2.7263399722491735,3.598120170516464,-0.785570423611573,3.9585763821015036
P15056,SVR,-1.6611929769426528,2.533396497143264,-0.4427034187978116,3.1984466165600396
P15056,Lasso,-1.9399632154815074,2.7964461880253157,-0.4924617385676311,3.3087598849975044
P15056,ElasticNet,-2.039433573503559,2.8266409112062147,-0.5667523995907842,3.473460897205207
P15056,GradientBoosting,-3.604190113766209,6.396658710314227,-0.6365517589596432,3.6282047772726824
P15056,MLP,-4.020332427078098,6.593567515388419,-1.3276606404442983,5.160380299183591
P23443,RandomForest,-0.6060148247871213,0.5612540722738378,0.34576772501022934,0.9559732925072871
P23443,XGBoost,-1.179559615283188,0.9147947824421703,-0.24249680004843244,1.8155535920184316
P23443,PLS,-0.4286121750770528,0.9296309968388904,0.2497866715281224,1.096222141766585
P23443,SVR,-1.1965095787001319,2.421847155122627,0.25785295022948806,1.0844355832258181
P23443,Lasso,-0.1325977894968366,0.4325664378463858,0.29411465282968985,1.0314494794338938
P23443,ElasticNet,-0.24198378406118026,0.6534484970815156,0.2816744616005492,1.0496272597473577
P23443,GradientBoosting,-1.0308424563325016,1.0152202829823165,-0.22975648008907057,1.7969372594332838
P23443,MLP,-0.9075159172395232,1.1015823005482897,-0.16565560991872452,1.7032721770888124
P27361,RandomForest,-0.13949228956336218,0.47007763813671655,0.08455288816362239,1.5737453709973481
P27361,XGBoost,-0.669645394897813,1.3965385783841622,-0.5642139625813007,2.689040634934821
P27361,PLS,-0.39941585940798546,0.7490407265162525,0.044934555865537074,1.641853256482589
P27361,SVR,-0.3447301732697747,0.7101375023305625,-0.026958067778552586,1.7654438847186444
P27361,Lasso,-0.08600845667583927,0.4919360530468061,0.059772549685615184,1.616345257399613
P27361,ElasticNet,-0.09428786561107468,0.49582898161147815,0.05816166197303607,1.6191145348904585
P27361,GradientBoosting,-0.2021077158936217,0.7586834988077198,-0.2550728489269307,2.157596065053993
P27361,MLP,-0.9156954554404789,1.4782839202815752,-0.09048013698328461,1.8746446906140133
P27448,RandomForest,-0.11690097201970592,0.3517682739577233,0.0020046408265241844,1.0505223131625407
P27448,XGBoost,-0.1284454753260985,0.5044428619696083,-0.22001727465121879,1.2842297889303855
P27448,PLS,-0.00725017720501695,0.2878975551466991,0.045706679864059296,1.0045201281647538
P27448,SVR,0.031388892703481906,0.3306443010137562,-0.040376240765261695,1.0951338049439685
P27448,Lasso,-0.025548400180783505,0.25541537566459044,0.1825314553217804,0.860493927751526
P27448,ElasticNet,-0.014682375080786047,0.2695385355430706,0.14451900685691854,0.9005070650103508
P27448,GradientBoosting,-0.07061318834441502,0.471877645529775,-0.3072248367716073,1.37602729985253
P27448,MLP,-1.3621883624676572,1.0934864883719813,-2.840464959797058,4.04259809036286
P30291,RandomForest,-0.39394164200151305,0.5268159792344712,-0.10420327707447341,0.9722271055509861
P30291,XGBoost,-0.998372566922147,0.7441546258552905,-0.1722509906107048,1.0321416456943324
P30291,PLS,-0.25407491241957086,0.2728558220053544,0.024203108285379415,0.8591680602061549
P30291,SVR,-0.20084723972472793,0.19779107345055055,0.09090628435272086,0.8004373562266961
P30291,Lasso,-0.12181006803495498,0.24450095334484467,-0.007952974999994034,0.8874807961194414
P30291,ElasticNet,-0.13721700760167838,0.24536708898429016,-0.0005464956986358516,0.8809595512698872
P30291,GradientBoosting,-0.6755370553630499,0.584589293172502,-0.32727367580087185,1.1686357674256997
P30291,MLP,-0.27867158751612603,0.27577524719823365,0.0643836115363825,0.8237899960522391
P31749,RandomForest,-0.32477991395557854,0.4297635913201364,0.1469195849209487,1.976138039183101
P31749,XGBoost,-0.6869831237790798,0.45129517951645515,-0.0664426176648969,2.470385893431061
P31749,PLS,-0.2608645810686695,0.4035776861671236,-0.07671781344469131,2.4941881105275865
P31749,SVR,-0.258972858570227,0.3238349451572798,-0.005638329637122741,2.329534381201706
P31749,Lasso,-0.21670552978894947,0.3268757844562555,-0.023680759781943506,2.3713291896374153
P31749,ElasticNet,-0.2298601273616036,0.3531593715309799,-0.032718922757564606,2.392265853221242
P31749,GradientBoosting,-0.5969338633527034,0.4487908823540314,0.038443393584620456,2.227420244537163
P31749,MLP,-0.33172265985637306,0.4977705604002192,-0.20969058580724798,2.8022159927723496
P33981,RandomForest,-0.20985465451239188,0.20267217585489475,0.07732011631082625,1.2605587668475118
P33981,XGBoost,-0.5367483249430436,0.4940451942685689,-0.22983979613136007,1.6801984786238087
P33981,PLS,-0.05758473011672027,0.455013744937172,0.18716123368313875,1.1104946049299655
P33981,SVR,-0.0368302689623881,0.3940977687502203,0.14426633957562363,1.1690973075314661
P33981,Lasso,-0.0036012179497188824,0.16731693769961462,0.09571450233172152,1.235428486054235
P33981,ElasticNet,0.011811418455259792,0.2785147578059216,0.1373225745904706,1.1785838304108487
P33981,GradientBoosting,-0.3682758814480621,0.3856452925578944,0.07838901497415407,1.2590984450124436
P33981,MLP,-0.16956263954223277,0.1783690137665353,-0.02283020289419735,1.3973834284752251
P42345,RandomForest,-1.3727894607520432,1.2017775168820162,-0.3655710654429354,3.4856946610389254
P42345,XGBoost,-2.7482483092099947,2.9349778899674828,-0.8187652205478342,4.642497471847459
P42345,PLS,-0.3089186059320378,0.3077259522781232,-0.3094280939078149,3.3423866625852865
P42345,SVR,-0.5274546682274999,0.4977344618675218,-0.1881008147822547,3.032692162029089
P42345,Lasso,-0.28396299499695765,0.2743454597344596,-0.23048250755353794,3.140873745512433
P42345,ElasticNet,-0.28811120130606155,0.28406067987012273,-0.25260442806778216,3.1973411547742256
P42345,GradientBoosting,-2.78776592711277,2.6989431226149856,-0.6966947311681162,4.330905886562019
P42345,MLP,-0.7694534223491717,0.8993330986612559,-0.2930137903114072,3.3004882569595697
P49759,RandomForest,0.10376221751988016,0.14177094163220652,-0.016944637498909287,0.6884526881086557
P49759,XGBoost,-0.19186916484361355,0.45284208086698063,-0.6140766581762664,1.0927000085942027
P49759,PLS,0.17113151423436884,0.14621346964370463,0.12598731825838583,0.5916904008323802
P49759,SVR,0.16790852445343143,0.09559541784599908,0.09435993622081118,0.6131015528053715
P49759,Lasso,0.19008012699460047,0.10322929904618386,0.07143831906832243,0.6286190631619226
P49759,ElasticNet,0.1847191898653135,0.11376104478251947,0.07454899487865463,0.6265131932408965
P49759,GradientBoosting,-0.1783499872307995,0.2574888536954583,-0.2042727786539753,0.8152703707838753
P49759,MLP,0.0706920860500125,0.13406509309412962,-0.29459666655261296,0.8764179703003816
P49761,RandomForest,-0.03977550049737992,0.39738699120230037,-0.20498244056082626,0.8824553508728487
P49761,XGBoost,-0.5691127393587914,0.4988984887373204,-0.5370145282741703,1.1256153195174978
P49761,PLS,0.11786071334459063,0.2865429682053828,-0.025761363170665463,0.7512048086171992
P49761,SVR,0.1181953092048363,0.26095600640563765,-0.19995678687762686,0.8787748698674084
P49761,Lasso,0.08487833749662281,0.1677447159918928,-0.0106436480275518,0.7401335197984151
P49761,ElasticNet,0.11633492722451828,0.21701146922737205,-0.011311208445475174,0.7406224001696123
P49761,GradientBoosting,-0.14047385195161813,0.5414438201598084,-0.3837200065591284,1.0133517989935203
P49761,MLP,-0.16323989466175776,0.2317873941752143,-0.17512199204799228,0.8605873869236401
P49841,RandomForest,-2.624874432493681,3.8745536836353436,0.05936837875659107,0.6659809128628705
P49841,XGBoost,-3.456865111231712,4.371958616700694,0.10379020592662525,0.634529611055018
P49841,PLS,-1.9290281136808811,2.335673704855407,0.03800994505914579,0.6811029955676202
P49841,SVR,-0.722842327607961,0.44969475806280707,-0.4032100751182448,0.993493207819558
P49841,Lasso,-1.1332590206536999,1.4152901544675935,-0.03335245845586865,0.7316286185253025
P49841,ElasticNet,-1.3123814169608443,1.67370751062326,0.009833831460580145,0.7010520951210627
P49841,GradientBoosting,-5.972138732896452,9.131397852870338,0.14725507998664888,0.603755846012227
P49841,MLP,-2.528198675874807,2.77494417046086,-0.11360710917038652,0.7884500822495318
P51812,RandomForest,-0.19930600033999885,0.32662647363368696,-0.20105122815807142,2.24650613131732
P51812,XGBoost,-0.5953258473327487,0.8672648320322439,-0.16959642038837486,2.1876714897488663
P51812,PLS,-0.43671826706644923,0.7825342295326269,0.19387400020690715,1.5078182834272449
P51812,SVR,-0.19229088883418297,0.615455518521532,0.236875487075333,1.4273861572690376
P51812,Lasso,-0.24390983054149604,0.4008673455682065,0.006780411788606888,1.8577674643264244
P51812,ElasticNet,-0.2649409365197626,0.47601336718915704,0.10256014720613826,1.6786162692509081
P51812,GradientBoosting,-0.44236337035544276,0.3255686703515575,-0.38722986259977676,2.594743936656403
P51812,MLP,-0.2748458553205488,0.4581885387977997,-0.3856802367203671,2.591845439108816
P51957,RandomForest,-1.7841303821985246,3.6501189424971683,-0.4963420438068207,0.21169416506882296
P51957,XGBoost,-0.5988864786745085,1.0079083538088929,-0.9748935787717381,0.27939697944612224
P51957,PLS,-3.8428726497887737,7.68214925608967,-0.015508264641815428,0.1436684714525018
P51957,SVR,-1.2006620970168558,2.2996754467962264,-0.022866462067903548,0.14470946837360976
P51957,Lasso,-1.1416386761237582,2.179798863690094,-0.004576743650208881,0.1421219405514766
P51957,ElasticNet,-1.2597648693047818,2.370043430903294,0.02628036729187655,0.13775644780577911
P51957,GradientBoosting,-1.2256870192628941,2.3623969875270907,-1.0761860062835922,0.2937272697421587
P51957,MLP,-3.9153522110675523,7.416905770020796,-0.09448917981121063,0.15484225284984868
P54646,RandomForest,-0.7241522700778942,1.8438257099661668,0.33880466770302,0.8492293294601706
P54646,XGBoost,-1.6865099992768093,3.142120265865491,0.3431744301672802,0.8436168723447638
P54646,PLS,-0.022120823134480116,0.1889951111184747,0.2426001384680937,0.9727929782980784
P54646,SVR,-0.10896587231403335,0.24892561353537568,0.17127208516580295,1.0644056560028214
P54646,Lasso,-0.11246801346464244,0.14756314242008756,0.12553605445541216,1.1231483252189276
P54646,ElasticNet,-0.06290947786607375,0.15857046320964452,0.19070869920054057,1.0394415615855872
P54646,GradientBoosting,-1.3284252665809144,2.02140777490896,0.29006977173526105,0.9118236960601782
P54646,MLP,-0.1458753008063194,0.17213028689622287,-0.05250681567460358,1.3518239068967568
P78527,RandomForest,0.010099532295061442,0.26507650370744124,0.058125581006606475,0.5639488723212372
P78527,XGBoost,-0.366518056438487,0.5804522214230393,0.09956114701763064,0.5391392583698543
P78527,PLS,0.11370210141197745,0.2603304835265317,-0.1172935070564034,0.6689813425761154
P78527,SVR,0.10275358277396789,0.259788364361859,-0.15703545740241798,0.6927769013358853
P78527,Lasso,0.1808572812415184,0.16342055733190944,-0.09042388012550018,0.6528931088351781
P78527,ElasticNet,0.17629948421569971,0.18753272656534611,-0.10498932494091884,0.6616141931038126
P78527,GradientBoosting,0.015439536894859529,0.19174874219602614,-0.20994060381493007,0.7244539455974893
P78527,MLP,0.17379017515464662,0.13974743535457504,-0.03203469512900514,0.6179324873653637
Q00536,RandomForest,-0.9636010377070721,1.158606963704472,-0.24562992061486022,1.9078891799973603
Q00536,XGBoost,-3.0745126920961363,4.33605330286048,-0.5140508789708946,2.319020474819832
Q00536,PLS,-0.6449097330863537,1.4070230751442536,-0.26916642014535963,1.9439392395263468
Q00536,SVR,-0.41286927254325817,1.1233388557922155,-0.3530570939975355,2.0724317446407468
Q00536,Lasso,-0.3283133731491441,0.9233171296559329,-0.20153516707196006,1.8403507387742861
Q00536,ElasticNet,-0.40966548388298596,1.0736456323610877,-0.22220529530279975,1.87201047442138
Q00536,GradientBoosting,-2.6633527148761167,3.5493747083867304,-0.3142939769123225,2.0130595904833197
Q00536,MLP,-0.8543470826520035,1.6806642688167117,-0.11812519043751024,1.7125945013148107
Q00537,RandomForest,-0.20198210394228977,0.16568914721045372,-0.2625997238700559,2.347951018328969
Q00537,XGBoost,-0.7134424566597254,0.9081494836410315,-0.33910262269897506,2.4902170554700995
Q00537,PLS,-0.43220862988077136,0.851817646392006,-0.17620549037040423,2.1872908940724116
Q00537,SVR,-0.14573777319263692,0.6175783598716551,-0.36238711383825395,2.533517274572134
Q00537,Lasso,-0.10977566983350888,0.35087161554437885,-0.06313996455552262,1.9770324000651112
Q00537,ElasticNet,-0.13295317821457703,0.4528334699345528,-0.08199286966302988,2.0120915695776387
Q00537,GradientBoosting,-0.3467248131401062,0.4529847194737757,-0.6438396172227403,3.056910935634628
Q00537,MLP,-0.7364250712415561,0.5595604887959091,-0.06850324190011126,1.9870060380001877
Q05397,RandomForest,0.13963152544987015,0.31581561881684084,0.041228076510863576,0.5747056777730698
Q05397,XGBoost,-0.36951388237481786,0.7279620780514562,0.018646049881967164,0.5882417634690508
Q05397,PLS,-0.03773533554886923,0.39831078437458756,0.08024743061449258,0.5513167530486304
Q05397,SVR,-0.14217496985765893,0.35435714715997996,0.05101161559048595,0.5688412429476195
Q05397,Lasso,-0.08000697829916056,0.3523084619068569,0.15590476567524636,0.5059663428422477
Q05397,ElasticNet,-0.04591219832924669,0.35832744790610777,0.14333754005843125,0.5134993710201643
Q05397,GradientBoosting,0.19128042269500545,0.3177514856558391,0.1267869970204908,0.5234200735575489
Q05397,MLP,-0.06998818061877347,0.3341890024808191,0.12113290260603693,0.5268092426425451
Q05655,RandomForest,-1.4711155189186176,1.102703125829152,0.012994176325047957,0.9716394634394178
Q05655,XGBoost,-2.9445708785551767,3.158919056219783,-0.08839144282397116,1.0714466441342991
Q05655,PLS,-1.309489219044183,1.4462057787026679,0.17436562631793595,0.8127803510364829
Q05655,SVR,-1.2363465607987587,1.2319245190153914,0.17137332033544084,0.8157260708180063
Q05655,Lasso,-0.7900547975978744,0.7116268610513925,0.03495592301971828,0.9500196317598538
Q05655,ElasticNet,-0.9170129882944902,0.9234835941371777,0.11528415289815741,0.8709420049556691
Q05655,GradientBoosting,-2.4228965987278768,2.332749950479818,0.08395282200803811,0.9017855489396042
Q05655,MLP,-2.8126906331095407,2.0660360068240005,-0.34955318863065155,1.3285424509469579
Q06187,RandomForest,-0.07057956133870642,0.29000194636641,0.562766740930992,0.701447356589153
Q06187,XGBoost,-0.24588144122987968,0.36984014273190186,0.27790431718472797,1.1584482593884051
Q06187,PLS,-0.4908337754592548,0.2114991045575666,0.15238114079945209,1.3598233799673025
Q06187,SVR,-0.9841542967942912,0.29201561041446084,-0.13666284171765075,1.8235327004941368
Q06187,Lasso,-0.3806086251511932,0.1428328908236881,0.054608633178958144,1.5166784809802472
Q06187,ElasticNet,-0.42046293641342825,0.15931046527033418,0.07782685429722502,1.4794298053813486
Q06187,GradientBoosting,-0.027644537160443905,0.30678600861809646,0.5747030267920039,0.6822981359133813
Q06187,MLP,-0.8481985047235767,0.7374889317887189,-0.2597406514901972,2.0209847527546665
Q07002,RandomForest,-0.43480289939539113,0.5706004443152652,-0.17976205134946754,2.057765533381272
Q07002,XGBoost,-0.8456821749699387,0.7055674601839121,-0.36014129226795744,2.3723867610050746
Q07002,PLS,-1.152295009244559,1.586256437542797,-0.5517904130718501,2.706665147771267
Q07002,SVR,-0.8975236737604162,1.0680360156763287,-0.24023381177270497,2.163241636973086
Q07002,Lasso,-0.332787671915901,0.3539375691745316,-0.22020379384361544,2.1283048626630943
Q07002,ElasticNet,-0.4173841292553602,0.4570727161178056,-0.31060783940184655,2.285989481197118
Q07002,GradientBoosting,-0.8250563959427577,0.8313457375148646,-0.11806513680378483,1.9501524904605787
Q07002,MLP,-3.244422956148214,4.188362598498447,-0.7728744369634508,3.0922845053569743
Q13043,RandomForest,-0.8471497157621357,0.5245729648610987,-0.5665861983361529,0.9764880510594243
Q13043,XGBoost,-1.8679361473408407,1.8815627619914006,-1.0454932307152083,1.2750014652482873
Q13043,PLS,-0.8762992956927746,0.810945150822966,-0.2331983658617527,0.7686799935611431
Q13043,SVR,-1.2609783545911075,0.9931150742230762,-0.1581194826571033,0.721881654335321
Q13043,Lasso,-0.6318307838885994,0.3988827841071387,-0.06463574294563013,0.6636111583399165
Q13043,ElasticNet,-0.7098283500241379,0.4887408889381564,-0.12014846930473677,0.6982134764434286
Q13043,GradientBoosting,-1.410176817635757,1.6628266594209478,-0.8826033803762963,1.1734685954555235
Q13043,MLP,-1.0646940353965497,1.1078911068911426,-0.0941426570651287,0.6820034747613996
Q13131,RandomForest,-0.5658203333655745,1.1610792338588767,0.041416004610729584,0.5659037637066721
Q13131,XGBoost,-0.1162542377273538,0.2274106670523319,-3.265607019348673,2.5182175775454554
Q13131,PLS,-0.40233980199068436,0.8513692968968888,0.028023528124619834,0.5738100639216729
Q13131,SVR,-0.3425781823065884,0.8275807736331732,0.035730606821096966,0.5692601602486528
Q13131,Lasso,-0.28497320602362375,0.5952342681065381,0.12896542886939433,0.5142186229817728
Q13131,ElasticNet,-0.2993035917473873,0.6768330196978105,0.10323018022398511,0.529411526408509
Q13131,GradientBoosting,-0.6985381047533206,1.3704178772664117,-1.1146581149084498,1.2483965848956031
Q13131,MLP,-0.3601080175668908,0.2584853517907136,-0.06666719018808909,0.6297110951708851
Q13153,RandomForest,-0.12024362804570246,0.4606219480059051,0.0385376396287348,2.0587525807697453
Q13153,XGBoost,-0.507143428206372,0.6510189807758813,-0.3563465257457712,2.904307048711628
Q13153,PLS,-0.6834915753667861,1.1085900345395023,0.03095730378219197,2.0749841428468563
Q13153,SVR,-0.5081275796117559,1.144035142396108,0.08708549478541316,1.9547984103162577
Q13153,Lasso,-0.43035968633580346,0.6655844288653932,0.10783512612153379,1.9103678025005095
Q13153,ElasticNet,-0.5036332789496921,0.8254164326151079,0.0850134742368196,1.9592351702224675
Q13153,GradientBoosting,-0.4286002047507161,0.6372619932925204,-0.12652916096440037,2.412205524667931
Q13153,MLP,-1.347259512347099,0.9207487661591199,-0.8130041877432908,3.8821353849167375
Q13177,RandomForest,-0.6740984263125942,0.4808449576926773,-0.21413741670129927,0.6695513782662195
Q13177,XGBoost,-1.4370106960024995,1.9919381482027372,0.048057079407168635,0.5249609193705517
Q13177,PLS,-0.8872612921458695,0.7050522933802996,0.02468430826047341,0.5378501285489397
Q13177,SVR,-0.9658972048202422,0.6607501088936277,-0.06946253559895044,0.5897685919768729
Q13177,Lasso,-0.34436409404243223,0.2973039700891164,-0.088934974315378,0.6005069136869567
Q13177,ElasticNet,-0.576501340540613,0.47260470784652203,-0.014258020085920586,0.5593253662432561
Q13177,GradientBoosting,-0.5363014284112435,0.36535468541297256,-0.42797582971465054,0.7874752657849372
Q13177,MLP,-6.3583848610213645,4.653442875076569,-2.873263626162876,2.1359600351759704
Q13233,RandomForest,-1.3021867197808263,0.43117980920986654,-0.36612622569144904,1.3906362043246983
Q13233,XGBoost,-2.0756068246206674,0.8249870313271372,-0.5880627243484544,1.6165545157437478
Q13233,PLS,-0.5384944495058461,0.2634266203408255,-0.28073167857095593,1.3037095743805556
Q13233,SVR,-0.5324689633360669,0.36087068858082477,-0.14516905840648842,1.1657147946826476
Q13233,Lasso,-0.31787215070422326,0.17509363424332972,-0.18551040533549834,1.2067799148126048
Q13233,ElasticNet,-0.3835132322319756,0.17675211366752436,-0.22118260054778194,1.2430921129221402
Q13233,GradientBoosting,-2.001330988362753,0.9204776200179174,-0.39409236194838226,1.4191040873376937
Q13233,MLP,-0.22384402833122113,0.16793428644547287,-0.2667600843872475,1.289487312675446
Q13263,RandomForest,-1.1971847466283734,2.5422625335962232,-0.5362664078529302,0.09263651735554963
Q13263,XGBoost,-4.9699336857082725,7.876856907914539,-1.5785765156860991,0.155487581403157
Q13263,PLS,-1.2054645554231502,2.003688596221577,-0.9869176605072465,0.11981068608983615
Q13263,SVR,-0.841438552405776,1.4930890838256274,-0.5558802386831239,0.09381922692390465
Q13263,Lasso,0.04528243527901563,0.4695048259157685,-0.4691598122772156,0.08859000480151308
Q13263,ElasticNet,-0.14440676856249868,0.678721353315839,-0.46367239370663116,0.08825911470129827
Q13263,GradientBoosting,-4.073166359636387,6.7797954842882415,-1.9166462964084725,0.17587311281176476
Q13263,MLP,-8.484134213085378,6.915024762609739,-3.1573350122705612,0.25068636211038237
Q13555,RandomForest,-0.00770190918912439,0.23523264621341788,-0.8055408538166875,0.5717615107725007
Q13555,XGBoost,-0.37209409017145867,0.7538484343351499,-1.3335843192764134,0.7389772948554747
Q13555,PLS,-7.457315767171632e+29,6.826917121656832e+29,-3.8087891221032766e+30,1.2061311257866087e+30
Q13555,SVR,0.04832297251926421,0.3216026447422965,-0.6939600711965579,0.5364271694258603
Q13555,Lasso,0.039186745437797474,0.1788380060405583,-0.3416292999450099,0.42485441069454327
Q13555,ElasticNet,0.0203243791282667,0.1910772166351262,-0.4056317473986166,0.4451220972283907
Q13555,GradientBoosting,-0.38264527730523534,0.32669628493376995,-1.2528413852569256,0.713408390202003
Q13555,MLP,-0.07279146952489665,0.4772920633874682,-0.624306244865362,0.5143698579615288
Q13627,RandomForest,-0.20163065519686674,0.5013867921819387,-0.08507629698524433,1.3277398074362472
Q13627,XGBoost,-0.8410898918437393,1.1268761732215375,-0.2837225823445606,1.5708108075158769
Q13627,PLS,-0.14053794443873854,0.14237765531578253,0.026729523690092183,1.190930037260481
Q13627,SVR,-0.15921196990392522,0.15680182400511322,0.04060957722658398,1.1739458863201744
Q13627,Lasso,-0.03599486291512519,0.09037889888113797,0.008739758600351588,1.2129429844628474
Q13627,ElasticNet,-0.07086681316252892,0.10923725598359169,0.01658485595038739,1.203343430888785
Q13627,GradientBoosting,-0.2935531903016547,0.7543025844376909,-0.46157416643718974,1.7884366359221076
Q13627,MLP,-0.16548023415291446,0.03488719274567674,-0.032459576893087316,1.2633560272383122
Q14004,RandomForest,-0.13346620579328777,0.2900911551573844,0.09555962157763864,1.5748495921351904
Q14004,XGBoost,-0.44880337653746427,0.6400069341872836,0.06743394974973949,1.6238231937826066
Q14004,PLS,-2.0295537431047834,1.4851073549947436,-0.04806389107491893,1.8249328875276902
Q14004,SVR,-1.8179951942198351,1.1898817370484156,0.11972019332337624,1.5327801893671513
Q14004,Lasso,-0.5501817158277769,0.3661048850542438,0.015474147189240672,1.7142977853887034
Q14004,ElasticNet,-0.9033635394264603,0.5685944853370234,0.04472138237491152,1.663371270493847
Q14004,GradientBoosting,-0.49252658150270767,0.6309725941001697,0.2860824048509899,1.2431033159971498
Q14004,MLP,-1.6883554041169024,1.0446612458472517,0.19976500140701003,1.393402805992321
Q14680,RandomForest,-0.5047639541931905,0.5073706065804731,0.13257821312111195,0.37467315526640405
Q14680,XGBoost,-0.9940167022337609,0.5955398577184674,0.13760748107102694,0.372500819131921
Q14680,PLS,-0.266831563682295,0.3183224616234903,-0.10055888393471579,0.47537412114582456
Q14680,SVR,-0.42510371956021303,0.5102677293357332,-0.008219485084643097,0.4354891488683294
Q14680,Lasso,-0.30334300590882474,0.11107260675417747,-0.03435126837689939,0.4467764808756065
Q14680,ElasticNet,-0.2742213949888385,0.20586673502388234,-0.040386679423862315,0.44938340928633025
Q14680,GradientBoosting,-1.118879699198319,0.794184071326804,0.11476292009573574,0.3823682721642982
Q14680,MLP,-0.8390922980241976,0.9509803895637028,-0.008994473148450588,0.43582389630902413
Q15139,RandomForest,0.09109561871864078,0.5593876899641759,0.6500814955445884,0.6957857856463718
Q15139,XGBoost,-0.1263139693046487,0.8216321547111529,0.5225126186817098,0.9494465954689447
Q15139,PLS,0.18405342256311896,0.49020697446772554,0.6552403240650948,0.6855278555585025
Q15139,SVR,0.20947472751155996,0.6788993789463702,0.6995396115767067,0.5974421608256336
Q15139,Lasso,0.28601152575661387,0.36120118512136445,0.5867534326949826,0.8217087231367797
Q15139,ElasticNet,0.27307750925832125,0.3833678876537621,0.6014910919615903,0.7924040316133515
Q15139,GradientBoosting,-0.07604635820758206,0.6619291224177422,0.6298452239987898,0.7360240408880033
Q15139,MLP,-0.3130203813396113,0.7794090906657946,0.655047484859241,0.6859113013512799
Q15418,RandomForest,-0.37179086172178966,0.6440682452181349,0.3903338723874282,0.6211832458919203
Q15418,XGBoost,-1.253932957541308,2.051942579187707,0.30508227794760345,0.7080453163811713
Q15418,PLS,0.14114907642828006,0.32870918289956286,-0.05046712921395913,1.070311358092315
Q15418,SVR,0.1748656163685048,0.38109738728046083,-0.11851501887256521,1.1396447309988216
Q15418,Lasso,0.011047540316711823,0.24149914977716094,0.12930635650591193,0.8871417963814185
Q15418,ElasticNet,0.07793926867750833,0.2586159253842609,0.07003438486692082,0.9475334666178857
Q15418,GradientBoosting,-0.6646860295210123,1.0698293510755676,0.6143910455828766,0.39289343970579954
Q15418,MLP,-0.1851968109089342,0.806328248838013,0.1851813837044034,0.8302112417918501
Q16512,RandomForest,-0.3195092386269828,0.5187908106671345,0.05442145312375957,0.576253720247692
Q16512,XGBoost,-0.4437996946685546,0.4900335376883759,-0.6688832924950512,1.0170495186640056
Q16512,PLS,-0.8709527408480693,0.7565792548577861,-0.16367949577759822,0.7091686257403699
Q16512,SVR,-0.6736857992995198,0.4918189800690857,-0.10115097593062261,0.6710625452857787
Q16512,Lasso,-0.4286723540701372,0.5016132592322112,-0.19461596721220698,0.7280219053694634
Q16512,ElasticNet,-0.5570993895944499,0.5708917734069949,-0.15941479069793374,0.7065696325884688
Q16512,GradientBoosting,-0.3629613010825914,0.27048059465442936,-0.3104523836036617,0.7986148414150748
Q16512,MLP,-1.972869631030192,2.206314034457387,-0.27006205220994683,0.7740001980260559
Q16513,RandomForest,-1.748824592867214,2.3622955733539746,-0.024431706205597647,3.272537281149512
Q16513,XGBoost,-2.5337255580753517,2.636138526229945,-0.4005968663765409,4.474193285226696
Q16513,PLS,-0.6241945231571655,0.49065758379415336,0.14642492151849718,2.726737419068351
Q16513,SVR,-0.8150426408786148,0.773989911339199,0.13021687440682728,2.778513870447456
Q16513,Lasso,-0.5038979194147514,0.38323524362255396,0.08876639075674897,2.910927043765752
Q16513,ElasticNet,-0.53783639243987,0.3927390935761025,0.11492737735511649,2.827356022451005
Q16513,GradientBoosting,-3.869167303911534,5.827316200702674,-0.11781453754229454,3.570847842134146
Q16513,MLP,-0.438006617972407,0.4876757649874151,0.15103361192546705,2.7120150016707605
Q16584,RandomForest,-0.2649149759889176,0.584181528277726,-0.7660104232269465,0.29145023413856197
Q16584,XGBoost,-0.698125530802997,1.136350378925143,-1.1481922789663521,0.3545229034013106
Q16584,PLS,-0.3505045173606601,1.0929280744081253,-0.47072518220060555,0.24271838550228172
Q16584,SVR,-0.18976487822812554,0.5720711912228864,0.12853814713792233,0.14382008040211783
Q16584,Lasso,-0.22429494898620383,0.7619681460642248,0.10262185637051147,0.14809712707909223
Q16584,ElasticNet,-0.22028833257488728,0.8513711003712806,-0.135710724843501,0.18742989979894234
Q16584,GradientBoosting,-0.4947367881376761,0.8378789034732602,-1.2953264410636116,0.3788049152337609
Q16584,MLP,-0.2624286862956618,0.7336913486195505,0.07577505284614117,0.1525277391922146
Q2M2I8,RandomForest,0.0299526905469081,0.5045080886542058,-0.4997322310081178,0.3554765904514146
Q2M2I8,XGBoost,-0.5273376216233236,0.7407007384590719,-0.45901200771941375,0.34582481006168553
Q2M2I8,PLS,-0.12435209007819192,0.2773579521024806,-0.4116761593869984,0.33460494986036055
Q2M2I8,SVR,-0.5102092631732619,0.3494295359794593,-0.294159767760364,0.3067504266635706
Q2M2I8,Lasso,0.1090480117076913,0.16739139505574255,-0.10347419967468174,0.2615528545971058
Q2M2I8,ElasticNet,0.08007180151038833,0.19516856749938874,-0.18115054532712782,0.2799642229336363
Q2M2I8,GradientBoosting,0.04781362249969427,0.4989592981314482,-0.6397277718100496,0.38865927232871256
Q2M2I8,MLP,-0.45889574386446963,0.5205209646268655,-0.7974092557540344,0.42603399504974726
Q7KZI7,RandomForest,-0.20823548396699829,0.740867385307287,0.026165055346954347,0.7818768390949136
Q7KZI7,XGBoost,-0.7859347842208372,1.1056614613334,-0.11191861102779255,0.8927420541793741
Q7KZI7,PLS,-0.4738238349274592,1.0658409503444493,-0.95105757823016,1.5664736006185005
Q7KZI7,SVR,-0.9288128659690834,1.3987819587783072,-0.8204203695171506,1.461587029873084
Q7KZI7,Lasso,-0.3788998445736655,0.7376217099470851,-0.48104948339490794,1.1891114556713025
Q7KZI7,ElasticNet,-0.38728567148352416,0.8407322032643436,-0.599843199038574,1.2844890711509986
Q7KZI7,GradientBoosting,-0.08004278697591208,0.47718873547427243,0.11129130713552737,0.7135303035368161
Q7KZI7,MLP,-2.7388921792676926,3.1840774890929096,-0.9018971912750264,1.5270034951635592
Q8IV63,RandomForest,-1.1376044274543278,1.2792762997792846,0.015191621072639605,2.332739611485653
Q8IV63,XGBoost,-3.578758904808457,4.5439607406977816,0.045034903190985465,2.2620491017135564
Q8IV63,PLS,-0.5599540717599366,0.5814137357489807,-0.06997425523546696,2.534474098581707
Q8IV63,SVR,-0.21634471045060807,0.23748055732127998,-0.015953066853624964,2.4065127929162253
Q8IV63,Lasso,-0.3731083729792904,0.3283894924937796,-0.028958549273078393,2.4373191961267495
Q8IV63,ElasticNet,-0.4141975977604034,0.39550247062104193,-0.04659195266338689,2.4790878685447084
Q8IV63,GradientBoosting,-2.093607591267543,2.1571167504253745,0.04112304628943286,2.2713152125062512
Q8IV63,MLP,-1.3837427192909593,2.1500609043733148,-0.06134420490943682,2.514031888020326
Q8IVT5,RandomForest,-0.8117061182870051,1.0837950933318692,-0.9656971532973462,3.8690397223104336
Q8IVT5,XGBoost,-2.5144726046974517,3.101510251989592,-2.7431966138792707,7.367653945686955
Q8IVT5,PLS,-0.9470048397794484,0.8314937642818186,-1.2467152651338278,4.422161669686808
Q8IVT5,SVR,-0.6239623118895066,0.48924138365857933,-0.7479008546808563,3.440355919566015
Q8IVT5,Lasso,-0.6031705093068382,0.43874899236685444,-0.8288500130878023,3.599686419098308
Q8IVT5,ElasticNet,-0.6579519685856369,0.4984712777886368,-0.9409602459496742,3.8203505959235375
Q8IVT5,GradientBoosting,-1.5293319714557372,2.5371121388277085,-2.09181007499416,6.085543733899121
Q8IVT5,MLP,-20.148441649720958,21.98961319809786,-2.709546868493762,7.3014218705558624
Q8IWQ3,RandomForest,-0.6718888477753393,0.6528815428981737,-0.1259689840168472,0.47426513875725596
Q8IWQ3,XGBoost,-3.4149852834663945,5.348030582974692,-0.4792541997050581,0.6230710687763278
Q8IWQ3,PLS,-2.289807077047546,3.1682606300457596,0.19282014960938354,0.33998917304265547
Q8IWQ3,SVR,-3.2773791273320314,4.0501849969883565,0.3356363157786174,0.27983411564187577
Q8IWQ3,Lasso,-1.0641001200229543,1.3939572940803124,0.163673628329835,0.3522658690752786
Q8IWQ3,ElasticNet,-1.4509417981564894,1.9568105023585394,0.18414274172047096,0.34364415121248654
Q8IWQ3,GradientBoosting,-1.9176709752057608,1.7960373104710106,-0.2842729027508426,0.5409437338606113
Q8IWQ3,MLP,-14.132315791620154,22.270584210932295,-0.17488874147730726,0.4948704448440968
Q8TD19,RandomForest,0.2106962735563548,0.4902623095745067,0.2914571848423989,2.0772557577074067
Q8TD19,XGBoost,0.21253081593852308,0.4279685574550925,0.4625976490325596,1.5755182380958992
Q8TD19,PLS,0.28257231974576735,0.43930977263903953,0.6519254894775217,1.0204602539554082
Q8TD19,SVR,0.27347711227663,0.3951043279235798,0.6774869956721536,0.9455208363470846
Q8TD19,Lasso,0.274078692378628,0.4177997879677561,0.6235036387167452,1.1037854276421832
Q8TD19,ElasticNet,0.2882113904550814,0.41767049039973975,0.6302069686277083,1.0841330786867243
Q8TD19,GradientBoosting,0.029964487341851108,0.6583063191900553,0.3953195559424758,1.7727593973444988
Q8TD19,MLP,0.2547734826548639,0.45120922231682364,0.6455751580727906,1.039077706834235
Q92630,RandomForest,-0.32689421647559225,0.2829796097961072,-0.04386852823502729,0.8793625433507086
Q92630,XGBoost,-0.7845829651158367,0.6038976179884216,-0.1469205305871195,0.966174309808444
Q92630,PLS,-0.27511931424055197,0.19217939242835147,-0.1469485398248076,0.9661979049967503
Q92630,SVR,-0.32454679517452967,0.29728403420598903,-0.23414245411314383,1.039650701167296
Q92630,Lasso,-0.2736332026142942,0.23147418227120634,-0.030553400399865316,0.8681457815062213
Q92630,ElasticNet,-0.2415951250806129,0.17445788861764203,-0.06578465779530851,0.8978248524530992
Q92630,GradientBoosting,-0.8914510327398002,0.9337456072785781,-0.10840339229638629,0.9337271885725941
Q92630,MLP,-0.3559058259292973,0.3447975006177077,-0.008844874569815753,0.8498583593165862
Q96GX5,RandomForest,-0.5937329478173625,0.5570226659243925,0.1909089920609891,0.09747436441723129
Q96GX5,XGBoost,-1.5791355288163484,1.6359758168966982,-0.3720605632460494,0.1652975129275425
Q96GX5,PLS,-0.7120821802808633,0.8118327740788827,0.17373574585675267,0.09954329268650301
Q96GX5,SVR,-0.6142647857936038,0.7386935635495341,0.07515164181169942,0.11142010603524082
Q96GX5,Lasso,-0.1612414563371982,0.2130525424728276,-0.00791398776437302,0.12142734795042369
Q96GX5,ElasticNet,-0.2723750743420526,0.3380929097631125,0.09457102463065337,0.10908057688576456
Q96GX5,GradientBoosting,-1.200227930840756,1.0142754116042159,-0.04724895268162421,0.12616618532107973
Q96GX5,MLP,-1.616784598377268,1.9441413243911934,-1.1070910314498854,0.2538495138921479
Q96Q15,RandomForest,-1.2409980299084338,1.305641510119513,-1.113722273066442,0.42883908396088866
Q96Q15,XGBoost,-5.6866065506556955,6.340478995723237,-4.245733610000305,1.0642720780681596
Q96Q15,PLS,-0.6724453464350663,0.41730264641706305,-0.22845242508605668,0.24923255972468866
Q96Q15,SVR,-0.27382043945427614,0.20802931240768216,-0.19689991291465914,0.24283107993301425
Q96Q15,Lasso,-0.3006845957892805,0.2679453219807123,-0.0880103741015621,0.22073920406429443
Q96Q15,ElasticNet,-0.37373787714556056,0.31164619550851663,-0.1589978059883046,0.2351413730015045
Q96Q15,GradientBoosting,-4.3687626124133185,4.241784550080423,-2.3220410049152402,0.6739868522848178
Q96Q15,MLP,-0.690644645512279,0.9902875522752222,-0.013997817550702063,0.20572328766065598
Q96QT4,RandomForest,0.7271772352477832,0.184235182130303,0.8465746020576147,0.1101510755018552
Q96QT4,XGBoost,0.4819224896953824,0.4023404319984002,0.8998695067548558,0.07188823799320178
Q96QT4,PLS,0.7582645120207219,0.17308240437262148,0.8856969040054146,0.0820633944956326
Q96QT4,SVR,0.7246762553503141,0.1823348426363573,0.8910913897842956,0.07819044765441704
Q96QT4,Lasso,0.8069726492723139,0.10335850560378065,0.9458311151782269,0.03889030761448684
Q96QT4,ElasticNet,0.7890207035684467,0.12343807509633593,0.9466045461075305,0.038335026351855324
Q96QT4,GradientBoosting,0.7770629535271871,0.18109875467019942,0.8814316630871157,0.08512560506002408
Q96QT4,MLP,0.6150344938049164,0.2537317384879072,0.8355424106389246,0.11807158779127018
Q96RR4,RandomForest,-0.10599079428047305,0.273236364338779,0.09154019056728413,0.7617832322959375
Q96RR4,XGBoost,-0.1984321945161555,0.27727700364530605,0.008403719184866265,0.8314967950026073
Q96RR4,PLS,-0.7757529557377322,0.6262077043891339,0.1562290077972397,0.7075388334010555
Q96RR4,SVR,-0.597075446032363,0.44632281546520486,-0.011603344582813424,0.848273591892732
Q96RR4,Lasso,-0.5298502726605457,0.4367856612077327,0.08449905102167765,0.7676875353662608
Q96RR4,ElasticNet,-0.6036738692180436,0.47265950056085154,0.12248184502120063,0.7358373034857162
Q96RR4,GradientBoosting,-0.16001459908530055,0.4631395018888961,0.11904771563850991,0.7387169709779987
Q96RR4,MLP,-0.4358917226350253,0.9141697718471401,-0.017275903509516244,0.8530302803336562
Q96S53,RandomForest,-0.5750375286113238,0.8793977841679955,-0.33877968417515714,0.43411478547840116
Q96S53,XGBoost,-0.8757630698226885,1.0472491306207432,-0.2616330485329663,0.40909909725272864
Q96S53,PLS,-0.4631196731881017,0.5292204445892,-0.14236545020460545,0.37042520006497714
Q96S53,SVR,-0.6641221057531407,0.8944994455209212,-0.003556555417395746,0.32541481165280906
Q96S53,Lasso,-0.1802069005330968,0.11767769594791697,0.007128950204991713,0.3219499129575103
Q96S53,ElasticNet,-0.25663001005316377,0.29197852779783395,-0.031005351351410804,0.3343154009726096
Q96S53,GradientBoosting,-1.1511459545015927,1.3250526203337503,-0.5264613637459417,0.494972739201605
Q96S53,MLP,-0.24907051703655014,0.20173741151197483,0.1169577958223913,0.2863366404242382
Q96SB4,RandomForest,0.2580264942367144,0.30861624439501995,0.4698980463773369,1.0862885740167494
Q96SB4,XGBoost,0.08510896487592072,0.4035996438529908,0.4410382306053139,1.1454283072456757
Q96SB4,PLS,0.48972233133441634,0.1959736106567484,0.5848276207739745,0.8507740986776455
Q96SB4,SVR,0.4645194950880331,0.11539412436888204,0.5422555647085974,0.9380130491477999
Q96SB4,Lasso,0.4941977502651175,0.14855019507615796,0.5977704843333168,0.8242514935382214
Q96SB4,ElasticNet,0.49389176918770994,0.14941675173708857,0.59952775560947,0.8206504811373277
Q96SB4,GradientBoosting,0.21216011818277697,0.3565380592325526,0.23726586457913756,1.5630000430256938
Q96SB4,MLP,0.46593200985055283,0.21382791586862354,0.6066409512745738,0.8060740715939516
Q99640,RandomForest,-0.31148534099632785,0.21200285189147747,-0.11936411044207773,0.5949530361595636
Q99640,XGBoost,-0.9635203399861506,0.24895248210460677,-0.2610781192686966,0.6702754259264124
Q99640,PLS,-0.31769927548721943,0.24562327578380908,-0.034025166020936526,0.549594547699577
Q99640,SVR,-0.6593605120552164,0.5380526101691103,-0.22812137393992327,0.6527585915805736
Q99640,Lasso,-0.22567682207257977,0.14111622083797884,-0.0208146667972664,0.5425730374072718
Q99640,ElasticNet,-0.24529828271946713,0.1827294660605224,-0.030915034756131998,0.5479414823372085
Q99640,GradientBoosting,-0.5081421892972089,0.17149819567929753,-0.6442893550670592,0.8739559674962611
Q99640,MLP,-0.566343373078347,0.5888688113948882,-0.11576458805323742,0.5930398546005096
Q99759,RandomForest,-0.6456086031955035,0.43193345211377526,-0.39615931328998566,3.0203706655817597
Q99759,XGBoost,-1.4932940071159984,1.1153672804856862,-0.8623322766001731,4.028862411521189
Q99759,PLS,-0.13924601131052544,0.20309840026793197,-0.22524471362001397,2.650623862155458
Q99759,SVR,-0.1990927382195533,0.3422022098482307,-0.38296230272138465,2.9918210128198215
Q99759,Lasso,-0.10236930695163923,0.1484703732662497,-0.2428699339592426,2.688753248952711
Q99759,ElasticNet,-0.11316858583073605,0.16813511756617114,-0.23518270657321572,2.672123143866996
Q99759,GradientBoosting,-1.4363297220069204,1.1520007361477078,-0.8408727729655932,3.982438157026123
Q99759,MLP,-0.28975365052171786,0.2674883566088796,-0.16829763811355147,2.5274278380963735
Q9BZL6,RandomForest,-0.7685959117687127,1.522337121207179,0.23561543641155858,1.438992703353561
Q9BZL6,XGBoost,-2.1253008672441296,3.235931213522351,0.2727804982282006,1.369027589821223
Q9BZL6,PLS,-0.4602021556020204,1.123386490151671,0.3874109795512026,1.153229895750415
Q9BZL6,SVR,-0.6737409504016212,1.065277815245122,0.353581609332392,1.2169154006949199
Q9BZL6,Lasso,-0.36958613290850595,0.9058313449752697,0.34161950945900776,1.2394346603118036
Q9BZL6,ElasticNet,-0.4141931957288487,0.949169619898,0.36621890392739487,1.193125052775061
Q9BZL6,GradientBoosting,-1.6062382014046772,2.5963932557073455,0.14156586248219505,1.6160457955857235
Q9BZL6,MLP,-1.8391180958968445,1.936044374684197,0.42331371876784196,1.0856411685257161
Q9H0K1,RandomForest,0.23997352160692037,0.22002794648882654,0.779219168798858,0.3236926613500654
Q9H0K1,XGBoost,0.21883718783875122,0.28529807130700624,0.7649676947984316,0.34458712724306
Q9H0K1,PLS,0.5015494470190509,0.20102051751424527,0.7431888678559466,0.3765176459196245
Q9H0K1,SVR,0.5137173466831666,0.2285055690093517,0.7626974080103168,0.34791565521568685
Q9H0K1,Lasso,0.5224283508332338,0.20014744341541843,0.7092418256363977,0.42628830934736495
Q9H0K1,ElasticNet,0.5211770693536824,0.2040317151757423,0.707680007929039,0.42857813191705185
Q9H0K1,GradientBoosting,0.06746831538132496,0.2903116821897203,0.6153240684514527,0.5639836364544893
Q9H0K1,MLP,0.33031405833569183,0.2962042457546943,0.5800783748286849,0.6156582873189425
Q9H4A3,RandomForest,-0.996530092849626,1.6801499991626754,0.1748674880971145,1.2443425762396898
Q9H4A3,XGBoost,-1.8859934986739386,2.7262380641452895,0.055812099581152186,1.4238842701180736
Q9H4A3,PLS,-2.2986104747278078,3.4684761047672508,0.1905095103017922,1.2207535963764677
Q9H4A3,SVR,-3.008746473964758,3.41680229349048,-0.0416980404777787,1.5709346131115922
Q9H4A3,Lasso,-1.3849909977302275,2.220812426691699,0.2152686165140173,1.1834155814939098
Q9H4A3,ElasticNet,-1.4858452653537815,2.3745628714101654,0.1993123307433533,1.2074784870959394
Q9H4A3,GradientBoosting,-1.2320035122434476,1.8506840964352802,0.11917058010709758,1.3283363990222292
Q9H4A3,MLP,-3.132858867860677,3.0006019049132475,-0.44516255051043263,2.179379996844582
Q9HAZ1,RandomForest,-0.5318607331890727,0.9536777348897347,-0.6463963567599733,1.823150983758246
Q9HAZ1,XGBoost,-0.791598061869857,1.687870129162431,-1.695812005236347,2.985230311761721
Q9HAZ1,PLS,-0.378690327634121,0.6018361353760178,0.2423855643058539,0.8389507776022135
Q9HAZ1,SVR,-0.25005517362918733,0.3340951917564182,0.15743761994049865,0.9330186050132996
Q9HAZ1,Lasso,-0.3140093232925655,0.4540557432158664,0.15813235782441837,0.9322492811191342
Q9HAZ1,ElasticNet,-0.3317596318422483,0.5233655098583506,0.1840388512181631,0.9035615057103734
Q9HAZ1,GradientBoosting,-0.7526800344005865,1.3079337056412936,-1.3100659903674878,2.5580711871673305
Q9HAZ1,MLP,-0.6454293715165805,1.2231090636499127,0.184459126555513,0.9030961102473716
Q9HBH9,RandomForest,-0.4554321274746907,0.9334307043014752,-1.2867601785917495,0.7441548238216876
Q9HBH9,XGBoost,-0.8510744674534209,1.4331930082336182,-2.888065541538322,1.2652497429146299
Q9HBH9,PLS,0.09037885532526306,0.3460764456807622,-0.09155503281970323,0.3552125626220459
Q9HBH9,SVR,0.17408166709632153,0.27889616739508344,0.013968946979019958,0.3208730724860751
Q9HBH9,Lasso,0.06938300770432096,0.26614449656671835,0.05451639971971489,0.3076781678200109
Q9HBH9,ElasticNet,0.09723732399183346,0.2926699833645607,0.007286896864116432,0.32304753742235276
Q9HBH9,GradientBoosting,-0.6578172965627923,1.618946551742785,-3.1390803345478613,1.3469346833895353
Q9HBH9,MLP,-0.3119926141168813,0.46277199460422447,-0.33764412198783567,0.4352945863116165
Q9NSY1,RandomForest,-0.17233079903248444,0.5591787570608787,-1.4099858879266485,0.5712310162863686
Q9NSY1,XGBoost,-0.719714342732988,0.9942612455838489,-1.6779391751734503,0.6347431012981803
Q9NSY1,PLS,0.011917697496969581,0.13402513617848327,-0.35358026379616203,0.3208346711020186
Q9NSY1,SVR,-0.18806389371842241,0.41947644121650135,-0.29888159476738263,0.3078696257648849
Q9NSY1,Lasso,-0.007895878877869023,0.10595026378409636,-0.2150873558070372,0.2880081533305211
Q9NSY1,ElasticNet,0.013115268585396111,0.11864938466010365,-0.2712019993634207,0.3013088224455744
Q9NSY1,GradientBoosting,-0.616077394289692,0.8671596342294864,-2.2760520840268,0.7765118338413537
Q9NSY1,MLP,-0.01827736137710667,0.16574861906449354,-0.49131063304053146,0.35348044682672386
Q9NYV4,RandomForest,-0.20603264773048427,0.24834589570333346,-0.0034240569960841682,1.2273799943306087
Q9NYV4,XGBoost,-0.5202009889411479,0.3738242298223067,-0.08730957447577792,1.3299880644190147
Q9NYV4,PLS,-0.6472238467899951,0.4908689126846393,0.2742592124328538,0.8877201194441083
Q9NYV4,SVR,-0.463511743918468,0.5257704245990535,-0.35856369748372763,1.6617838606612718
Q9NYV4,Lasso,-0.0038145398179315836,0.3297728188246105,0.07412575124198817,1.1325217113026624
Q9NYV4,ElasticNet,-0.16317852182021772,0.413459191846601,0.079482170327412,1.125969783848998
Q9NYV4,GradientBoosting,-0.3511216841567554,0.19337566310658522,-0.10895460526545908,1.356464086777355
Q9NYV4,MLP,-0.17593978580232023,0.2980532261361194,0.07595785610251071,1.130280695814103
Q9UKE5,RandomForest,0.7385017361525079,0.09030024486146496,0.9001401678536483,0.050466816007265144
Q9UKE5,XGBoost,0.7301694742994729,0.10451183576803132,0.9138623166413095,0.04353196399313111
Q9UKE5,PLS,0.9700186680926205,0.016926390916084673,0.9792444664346286,0.010489359646039427
Q9UKE5,SVR,0.9674785074223587,0.01893120087866602,0.9832241429728241,0.008478124504694552
Q9UKE5,Lasso,0.9422415812385243,0.03247867207391965,0.9709166956654165,0.014698019585949624
Q9UKE5,ElasticNet,0.9536708036842405,0.029838213479532732,0.9774602752001914,0.011391048030796116
Q9UKE5,GradientBoosting,0.8609040538526349,0.0653992893826633,0.8905006607743983,0.05533839669905194
Q9UKE5,MLP,0.6186568586223679,0.22641667673645047,-0.10711680464653184,0.5595108551430612
Q9Y2K2,RandomForest,-0.06036394618581693,0.6327931285677887,0.5829372219837483,0.3519738151808851
Q9Y2K2,XGBoost,-0.26020385575685034,1.0059933896647137,0.18778139373427527,0.6854595918821325
Q9Y2K2,PLS,-0.6676277979541442,1.0205982794192832,0.09491408146019875,0.7638335536204002
Q9Y2K2,SVR,-0.21034366774164015,0.48286906211191255,-0.12924046982259818,0.9530053924031241
Q9Y2K2,Lasso,-0.19578452208109517,0.4769670193446348,0.10945385283952025,0.7515629337665272
Q9Y2K2,ElasticNet,-0.32107863933542724,0.615545510287764,0.11696290122654907,0.7452257861032144
Q9Y2K2,GradientBoosting,-0.14380477337974454,0.6175307094298393,0.1495401139421818,0.7177327408067251
Q9Y2K2,MLP,-2.0442748632759185,1.8743829162373702,0.4629075829965159,0.4532710111811339
Q9Y2U5,RandomForest,-0.9513146106657835,1.4622472105499482,-0.19641626726651595,2.568020800746826
Q9Y2U5,XGBoost,-2.6296524071736367,3.903834240122124,-0.5200097840082107,3.262590830188238
Q9Y2U5,PLS,-1.1125905675787187,2.1979263854250326,0.04717731883797616,2.0451648239770788
Q9Y2U5,SVR,-0.8965497243603103,1.3259273467270947,0.13330612873318148,1.8602955762028126
Q9Y2U5,Lasso,-0.47124904022115477,0.7920010098419529,0.06558981204098102,2.0056437418649504
Q9Y2U5,ElasticNet,-0.6096422908190565,1.2405439503408415,0.07007724535316362,1.9960117915121038
Q9Y2U5,GradientBoosting,-1.2532366707136364,2.279985379709917,0.08058742507048999,1.9734524525327477
Q9Y2U5,MLP,-7.400302052706415,8.472471044543791,-1.8800222791607912,6.181759076543595
Q9Y3S1,RandomForest,-0.42115678047108907,0.34064404444108076,-0.06100286822697276,0.8608920442460752
Q9Y3S1,XGBoost,-0.5258840503338831,0.466232788658513,-0.6323761805845636,1.3245012894549684
Q9Y3S1,PLS,-1.2389864022796744e+29,2.4779728045593488e+29,0.12698928995154735,0.7083562140395199
Q9Y3S1,SVR,-0.13653417643327462,0.12025792629370784,0.06887471063895301,0.7555100724155345
Q9Y3S1,Lasso,-0.23459225373159986,0.1611021390216048,0.05828901831240707,0.7640992464693134
Q9Y3S1,ElasticNet,-0.2431624013362673,0.1915896139784425,0.09506869620067293,0.7342564128331956
Q9Y3S1,GradientBoosting,-0.7145198940535031,0.6415526609396484,-0.3962987285581192,1.1329493093787248
Q9Y3S1,MLP,-0.3154004230239079,0.22507832911983058,-0.14418587135307281,0.9283862874307567
