UniprotID,GeneName,TotalPhosphosites,Phosphosites
P06239,LCK,6,"['LCK(Y394)', 'LCK(Y505)', 'LCK(Y192)', 'LCK(S42)', 'LCK(S59)', 'LCK(S194)']"
P12931,SRC,17,"['SRC(Y216)', 'SRC(Y338)', 'SRC(Y419)', 'SRC(Y530)', 'SRC(Y93)', 'SRC(S75)', 'SRC(T37)', 'SRC(S306)', 'SRC(S12)', 'SRC(S6)', 'SRC(S17)', 'SRC(S39)', 'SRC(S70)', 'SRC(S51)', 'SRC(S43)', 'SRC(S493)', 'SRC(S104)']"
P06241,FYN,13,"['FYN(Y39)', 'FYN(Y420)', 'FYN(Y28)', 'FYN(Y30)', 'FYN(Y417)', 'FYN(Y365)', 'FYN(Y214)', 'FYN(Y213)', 'FYN(Y185)', 'FYN(Y531)', 'FYN(Y528)', 'FYN(Y476)', 'FYN(S21)']"
P00519,ABL1,37,"['ABL1(S446)', 'ABL1(S465)', 'ABL1(Y393)', 'ABL1(Y226)', 'ABL1(Y469)', 'ABL1(S919)', 'ABL1(S938)', 'ABL1(Y412)', 'ABL1(Y488)', 'ABL1(Y245)', 'ABL1(T735)', 'ABL1(T754)', 'ABL1(S618)', 'ABL1(S619)', 'ABL1(S637)', 'ABL1(S638)', 'ABL1(K711)', 'ABL1(K730)', 'ABL1(Y413)', 'ABL1(S569)', 'ABL1(S588)', 'ABL1(Y128)', 'ABL1(Y115)', 'ABL1(Y215)', 'ABL1(Y70)', 'ABL1(Y139)', 'ABL1(Y172)', 'ABL1(Y185)', 'ABL1(Y89)', 'ABL1(Y134)', 'ABL1(Y147)', 'ABL1(Y158)', 'ABL1(Y191)', 'ABL1(Y204)', 'ABL1(Y234)', 'ABL1(T197)', 'ABL1(S718)']"
P24941,CDK2,9,"['CDK2(T160)', 'CDK2(Y168)', 'CDK2(S46)', 'CDK2(T165)', 'CDK2(Y15)', 'CDK2(Y179)', 'CDK2(T14)', 'CDK2(T39)', 'CDK2(Y19)']"
O14757,CHEK1,16,"['CHEK1(S301)', 'CHEK1(S286)', 'CHEK1(S345)', 'CHEK1(S317)', 'CHEK1(S296)', 'CHEK1(S280)', 'CHEK1(S343)', 'CHEK1(T14)', 'CHEK1(T382)', 'CHEK1(T378)', 'CHEK1(S316)', 'CHEK1(S291)', 'CHEK1(S307)', 'CHEK1(T279)', 'CHEK1(S331)', 'CHEK1(S305)']"
Q96GD4,AURKB,8,"['AURKB(T232)', 'AURKB(T16)', 'AURKB(S7)', 'AURKB(S331)', 'AURKB(T179)', 'AURKB(T236)', 'AURKB(S227)', 'AURKB(T73)']"
P06493,CDK1,12,"['CDK1(S39)', 'CDK1(T161)', 'CDK1(T222)', 'CDK1(Y15)', 'CDK1(S46)', 'CDK1(T14)', 'CDK1(S121)', 'CDK1(T240)', 'CDK1(Y19)', 'CDK1(S277)', 'CDK1(S208)', 'CDK1(Y4)']"
O15530,PDPK1,26,"['PDPK1(T513)', 'PDPK1(S241)', 'PDPK1(S393)', 'PDPK1(S396)', 'PDPK1(S25)', 'PDPK1(S410)', 'PDPK1(S114)', 'PDPK1(S266)', 'PDPK1(S269)', 'PDPK1(S283)', 'PDPK1(T33)', 'PDPK1(T386)', 'PDPK1(Y373)', 'PDPK1(Y9)', 'PDPK1(Y376)', 'PDPK1(Y246)', 'PDPK1(Y485)', 'PDPK1(Y249)', 'PDPK1(Y358)', 'PDPK1(S394)', 'PDPK1(S398)', 'PDPK1(T354)', 'PDPK1(S64)', 'PDPK1(S501)', 'PDPK1(T346)', 'PDPK1(S267)']"
P07949,RET,16,"['RET(Y809)', 'RET(Y1090)', 'RET(Y826)', 'RET(Y1029)', 'RET(Y1096)', 'RET(Y981)', 'RET(Y1015)', 'RET(Y900)', 'RET(Y687)', 'RET(Y806)', 'RET(Y1062)', 'RET(Y905)', 'RET(S909)', 'RET(Y791)', 'RET(S696)', 'RET(T675)']"
O43318,MAP3K7,11,"['MAP3K7(T187)', 'MAP3K7(T184)', 'MAP3K7(S192)', 'MAP3K7(T178)', 'MAP3K7(S454)', 'MAP3K7(K158)', 'MAP3K7(K34)', 'MAP3K7(S439)', 'MAP3K7(S367)', 'MAP3K7(S389)', 'MAP3K7(S455)']"
Q04759,PRKCQ,6,"['PRKCQ(T219)', 'PRKCQ(T538)', 'PRKCQ(S676)', 'PRKCQ(S695)', 'PRKCQ(Y90)', 'PRKCQ(S685)']"
O14920,IKBKB,24,"['IKBKB(S177)', 'IKBKB(S181)', 'IKBKB(S670)', 'IKBKB(S672)', 'IKBKB(S675)', 'IKBKB(S682)', 'IKBKB(S695)', 'IKBKB(S697)', 'IKBKB(S733)', 'IKBKB(S740)', 'IKBKB(S750)', 'IKBKB(S689)', 'IKBKB(S705)', 'IKBKB(S692)', 'IKBKB(D546)', 'IKBKB(D242)', 'IKBKB(D78)', 'IKBKB(D373)', 'IKBKB(S679)', 'IKBKB(C179)', 'IKBKB(S756)', 'IKBKB(Y188)', 'IKBKB(Y199)', 'IKBKB(S489)']"
O60674,JAK2,21,"['JAK2(Y1007)', 'JAK2(Y1008)', 'JAK2(Y570)', 'JAK2(Y966)', 'JAK2(Y813)', 'JAK2(Y201)', 'JAK2(Y637)', 'JAK2(Y317)', 'JAK2(Y221)', 'JAK2(S523)', 'JAK2(Y868)', 'JAK2(Y972)', 'JAK2(Y119)', 'JAK2(Y206)', 'JAK2(Y913)', 'JAK2(Y918)', 'JAK2(Y934)', 'JAK2(Y940)', 'JAK2(S518)', 'JAK2(T174)', 'JAK2(S472)']"
O96017,CHEK2,41,"['CHEK2(T383)', 'CHEK2(T387)', 'CHEK2(S516)', 'CHEK2(T68)', 'CHEK2(S379)', 'CHEK2(T426)', 'CHEK2(T430)', 'CHEK2(S559)', 'CHEK2(T354)', 'CHEK2(T358)', 'CHEK2(S487)', 'CHEK2(S33)', 'CHEK2(S435)', 'CHEK2(S19)', 'CHEK2(S260)', 'CHEK2(S140)', 'CHEK2(S35)', 'CHEK2(T432)', 'CHEK2(S120)', 'CHEK2(T225)', 'CHEK2(S163)', 'CHEK2(S183)', 'CHEK2(T268)', 'CHEK2(S303)', 'CHEK2(S422)', 'CHEK2(T475)', 'CHEK2(S478)', 'CHEK2(S456)', 'CHEK2(S50)', 'CHEK2(T26)', 'CHEK2(S28)', 'CHEK2(S15)', 'CHEK2(T205)', 'CHEK2(S164)', 'CHEK2(S210)', 'CHEK2(S207)', 'CHEK2(T248)', 'CHEK2(S253)', 'CHEK2(S62)', 'CHEK2(S73)', 'CHEK2(S39)']"
Q13315,ATM,12,"['ATM(S1981)', 'ATM(S367)', 'ATM(S2996)', 'ATM(S1893)', 'ATM(S440)', 'ATM(S1987)', 'ATM(T1885)', 'ATM(S824)', 'ATM(S1403)', 'ATM(S794)', 'ATM(Y370)', 'ATM(T21)']"
P33981,TTK,42,"['TTK(T676)', 'TTK(T686)', 'TTK(S582)', 'TTK(T806)', 'TTK(T675)', 'TTK(S742)', 'TTK(S677)', 'TTK(T288)', 'TTK(T33)', 'TTK(S321)', 'TTK(T12)', 'TTK(T371)', 'TTK(T849)', 'TTK(T795)', 'TTK(S821)', 'TTK(S847)', 'TTK(S7)', 'TTK(S362)', 'TTK(T805)', 'TTK(S80)', 'TTK(S824)', 'TTK(T564)', 'TTK(S37)', 'TTK(S363)', 'TTK(S845)', 'TTK(T360)', 'TTK(S436)', 'TTK(Y811)', 'TTK(S15)', 'TTK(T468)', 'TTK(T453)', 'TTK(S281)', 'TTK(T46)', 'TTK(T594)', 'TTK(S108)', 'TTK(T458)', 'TTK(S333)', 'TTK(S291)', 'TTK(T210)', 'TTK(S214)', 'TTK(S345)', 'TTK(S455)']"
P53350,PLK1,14,"['PLK1(T210)', 'PLK1(Y425)', 'PLK1(Y445)', 'PLK1(Y217)', 'PLK1(S326)', 'PLK1(S383)', 'PLK1(S49)', 'PLK1(S137)', 'PLK1(S330)', 'PLK1(S335)', 'PLK1(S387)', 'PLK1(T214)', 'PLK1(S2)', 'PLK1(S87)']"
Q9UQM7,CAMK2A,7,"['CAMK2A(T286)', 'CAMK2A(T305)', 'CAMK2A(T306)', 'CAMK2A(S314)', 'CAMK2A(S332)', 'CAMK2A(S333)', 'CAMK2A(T336)']"
P27361,MAPK3,9,"['MAPK3(Y204)', 'MAPK3(T202)', 'MAPK3(T207)', 'MAPK3(Y210)', 'MAPK3(T80)', 'MAPK3(Y222)', 'MAPK3(S283)', 'MAPK3(S343)', 'MAPK3(S225)']"
P28482,MAPK1,11,"['MAPK1(Y187)', 'MAPK1(T185)', 'MAPK1(T63)', 'MAPK1(Y205)', 'MAPK1(S29)', 'MAPK1(S246)', 'MAPK1(S41)', 'MAPK1(T190)', 'MAPK1(S248)', 'MAPK1(T181)', 'MAPK1(S202)']"
P00533,EGFR,36,"['EGFR(Y869)', 'EGFR(Y944)', 'EGFR(Y915)', 'EGFR(Y1016)', 'EGFR(Y1125)', 'EGFR(Y1172)', 'EGFR(Y1110)', 'EGFR(Y1092)', 'EGFR(Y998)', 'EGFR(Y764)', 'EGFR(Y727)', 'EGFR(Y1069)', 'EGFR(Y1197)', 'EGFR(Y891)', 'EGFR(S1071)', 'EGFR(S768)', 'EGFR(S1081)', 'EGFR(S1166)', 'EGFR(S1070)', 'EGFR(S1064)', 'EGFR(S1120)', 'EGFR(T693)', 'EGFR(T678)', 'EGFR(T790)', 'EGFR(S4)', 'EGFR(S1026)', 'EGFR(T892)', 'EGFR(S1039)', 'EGFR(T1041)', 'EGFR(S229)', 'EGFR(S1028)', 'EGFR(S991)', 'EGFR(S995)', 'EGFR(Y1138)', 'EGFR(Y978)', 'EGFR(S1190)']"
P17252,PRKCA,7,"['PRKCA(Y658)', 'PRKCA(S657)', 'PRKCA(T638)', 'PRKCA(S226)', 'PRKCA(T228)', 'PRKCA(T497)', 'PRKCA(T11)']"
P68400,CSNK2A1,15,"['CSNK2A1(Y255)', 'CSNK2A1(Y125)', 'CSNK2A1(S194)', 'CSNK2A1(S2)', 'CSNK2A1(Y119)', 'CSNK2A1(T360)', 'CSNK2A1(T344)', 'CSNK2A1(S362)', 'CSNK2A1(S370)', 'CSNK2A1(T224)', 'CSNK2A1(S226)', 'CSNK2A1(S234)', 'CSNK2A1(T208)', 'CSNK2A1(Y182)', 'CSNK2A1(T13)']"
P49840,GSK3A,4,"['GSK3A(S21)', 'GSK3A(Y279)', 'GSK3A(S278)', 'GSK3A(S65)']"
P49841,GSK3B,18,"['GSK3B(Y216)', 'GSK3B(S219)', 'GSK3B(T43)', 'GSK3B(S9)', 'GSK3B(T275)', 'GSK3B(T403)', 'GSK3B(S21)', 'GSK3B(S389)', 'GSK3B(T390)', 'GSK3B(S147)', 'GSK3B(T402)', 'GSK3B(Y56)', 'GSK3B(S66)', 'GSK3B(T356)', 'GSK3B(T7)', 'GSK3B(S25)', 'GSK3B(T326)', 'GSK3B(T392)']"
P06213,INSR,24,"['INSR(Y992)', 'INSR(Y1185)', 'INSR(Y1190)', 'INSR(Y1355)', 'INSR(Y1361)', 'INSR(Y1011)', 'INSR(Y1189)', 'INSR(Y999)', 'INSR(Y1173)', 'INSR(S1302)', 'INSR(S1348)', 'INSR(Y1343)', 'INSR(S1314)', 'INSR(Y1177)', 'INSR(Y1349)', 'INSR(Y1178)', 'INSR(S1336)', 'INSR(S1064)', 'INSR(S1062)', 'INSR(T1375)', 'INSR(T1362)', 'INSR(T1187)', 'INSR(S473)', 'INSR(S994)']"
Q8TAS1,UHMK1,0,[]
P31751,AKT2,4,"['AKT2(T309)', 'AKT2(S474)', 'AKT2(S131)', 'AKT2(S478)']"
Q13153,PAK1,25,"['PAK1(T423)', 'PAK1(T212)', 'PAK1(S220)', 'PAK1(S223)', 'PAK1(T230)', 'PAK1(S174)', 'PAK1(S57)', 'PAK1(S199)', 'PAK1(S144)', 'PAK1(S204)', 'PAK1(S21)', 'PAK1(S149)', 'PAK1(S165)', 'PAK1(S79)', 'PAK1(T292)', 'PAK1(T84)', 'PAK1(T109)', 'PAK1(Y153)', 'PAK1(Y285)', 'PAK1(Y201)', 'PAK1(S133)', 'PAK1(S115)', 'PAK1(S137)', 'PAK1(T146)', 'PAK1(T185)']"
Q16539,MAPK14,4,"['MAPK14(T180)', 'MAPK14(Y182)', 'MAPK14(Y323)', 'MAPK14(T123)']"
P50613,CDK7,3,"['CDK7(S164)', 'CDK7(T170)', 'CDK7(S161)']"
Q8IVT5,KSR1,13,"['KSR1(S406)', 'KSR1(T137)', 'KSR1(T151)', 'KSR1(S320)', 'KSR1(S458)', 'KSR1(T274)', 'KSR1(S334)', 'KSR1(S888)', 'KSR1(S751)', 'KSR1(S311)', 'KSR1(S469)', 'KSR1(T200)', 'KSR1(T270)']"
O75914,PAK3,5,"['PAK3(T421)', 'PAK3(S139)', 'PAK3(S154)', 'PAK3(S175)', 'PAK3(T457)']"
P78527,PRKDC,13,"['PRKDC(S2056)', 'PRKDC(T2609)', 'PRKDC(T2647)', 'PRKDC(T2638)', 'PRKDC(S2612)', 'PRKDC(T2620)', 'PRKDC(T3950)', 'PRKDC(S3205)', 'PRKDC(S2624)', 'PRKDC(T4102)', 'PRKDC(S56)', 'PRKDC(S511)', 'PRKDC(T1045)']"
P04626,ERBB2,23,"['ERBB2(Y1248)', 'ERBB2(Y1196)', 'ERBB2(Y1221)', 'ERBB2(Y1222)', 'ERBB2(Y1139)', 'ERBB2(Y1023)', 'ERBB2(Y1112)', 'ERBB2(Y1218)', 'ERBB2(Y877)', 'ERBB2(Y1109)', 'ERBB2(Y1166)', 'ERBB2(Y1191)', 'ERBB2(Y1192)', 'ERBB2(Y993)', 'ERBB2(T1172)', 'ERBB2(T1142)', 'ERBB2(T686)', 'ERBB2(T900)', 'ERBB2(T701)', 'ERBB2(S1174)', 'ERBB2(S1054)', 'ERBB2(S1083)', 'ERBB2(S1151)']"
P04629,NTRK1,17,"['NTRK1(Y680)', 'NTRK1(Y496)', 'NTRK1(Y681)', 'NTRK1(Y791)', 'NTRK1(Y676)', 'NTRK1(Y490)', 'NTRK1(Y674)', 'NTRK1(Y670)', 'NTRK1(Y675)', 'NTRK1(Y751)', 'NTRK1(Y785)', 'NTRK1(Y757)', 'NTRK1(Y460)', 'NTRK1(Y640)', 'NTRK1(Y644)', 'NTRK1(Y645)', 'NTRK1(Y755)']"
Q8IW41,MAPKAPK5,6,"['MAPKAPK5(T182)', 'MAPKAPK5(T214)', 'MAPKAPK5(S115)', 'MAPKAPK5(Y188)', 'MAPKAPK5(Y216)', 'MAPKAPK5(T368)']"
Q99986,VRK1,6,"['VRK1(S342)', 'VRK1(S376)', 'VRK1(T386)', 'VRK1(T355)', 'VRK1(T305)', 'VRK1(T390)']"
Q92630,DYRK2,16,"['DYRK2(S442)', 'DYRK2(T106)', 'DYRK2(T381)', 'DYRK2(S449)', 'DYRK2(S483)', 'DYRK2(T484)', 'DYRK2(T32)', 'DYRK2(T488)', 'DYRK2(T82)', 'DYRK2(Y309)', 'DYRK2(S497)', 'DYRK2(T33)', 'DYRK2(S489)', 'DYRK2(S30)', 'DYRK2(S48)', 'DYRK2(Y382)']"
Q9H2X6,HIPK2,16,"['HIPK2(Y367)', 'HIPK2(Y361)', 'HIPK2(S121)', 'HIPK2(T119)', 'HIPK2(T1114)', 'HIPK2(T838)', 'HIPK2(S827)', 'HIPK2(T880)', 'HIPK2(S364)', 'HIPK2(S924)', 'HIPK2(S848)', 'HIPK2(S934)', 'HIPK2(S668)', 'HIPK2(S882)', 'HIPK2(T566)', 'HIPK2(S46)']"
O14965,AURKA,18,"['AURKA(S226)', 'AURKA(S98)', 'AURKA(S342)', 'AURKA(S67)', 'AURKA(S391)', 'AURKA(S104)', 'AURKA(T288)', 'AURKA(S41)', 'AURKA(S266)', 'AURKA(S10)', 'AURKA(S278)', 'AURKA(T16)', 'AURKA(T287)', 'AURKA(S83)', 'AURKA(Y148)', 'AURKA(S51)', 'AURKA(S89)', 'AURKA(S54)']"
P53355,DAPK1,6,"['DAPK1(S289)', 'DAPK1(S308)', 'DAPK1(Y491)', 'DAPK1(S734)', 'DAPK1(T180)', 'DAPK1(Y490)']"
P49137,MAPKAPK2,9,"['MAPKAPK2(S9)', 'MAPKAPK2(T334)', 'MAPKAPK2(T222)', 'MAPKAPK2(S272)', 'MAPKAPK2(T25)', 'MAPKAPK2(Y63)', 'MAPKAPK2(T317)', 'MAPKAPK2(T206)', 'MAPKAPK2(T338)']"
Q9UBS0,RPS6KB2,9,"['RPS6KB2(S473)', 'RPS6KB2(T388)', 'RPS6KB2(T11)', 'RPS6KB2(S370)', 'RPS6KB2(T228)', 'RPS6KB2(Y45)', 'RPS6KB2(S356)', 'RPS6KB2(S15)', 'RPS6KB2(S423)']"
Q15139,PRKD1,16,"['PRKD1(S742)', 'PRKD1(S738)', 'PRKD1(S412)', 'PRKD1(S205)', 'PRKD1(S420)', 'PRKD1(S249)', 'PRKD1(S549)', 'PRKD1(S910)', 'PRKD1(Y502)', 'PRKD1(Y463)', 'PRKD1(Y432)', 'PRKD1(Y95)', 'PRKD1(S397)', 'PRKD1(S401)', 'PRKD1(S421)', 'PRKD1(S208)']"
P45983,MAPK8,11,"['MAPK8(Y185)', 'MAPK8(T183)', 'MAPK8(T228)', 'MAPK8(S377)', 'MAPK8(S284)', 'MAPK8(Y259)', 'MAPK8(S155)', 'MAPK8(T258)', 'MAPK8(T367)', 'MAPK8(S307)', 'MAPK8(S129)']"
P45984,MAPK9,5,"['MAPK9(T404)', 'MAPK9(T183)', 'MAPK9(S407)', 'MAPK9(Y185)', 'MAPK9(S129)']"
Q05655,PRKCD,32,"['PRKCD(T507)', 'PRKCD(T295)', 'PRKCD(T141)', 'PRKCD(S645)', 'PRKCD(T218)', 'PRKCD(S304)', 'PRKCD(S299)', 'PRKCD(S503)', 'PRKCD(S302)', 'PRKCD(S506)', 'PRKCD(Y187)', 'PRKCD(Y334)', 'PRKCD(Y514)', 'PRKCD(Y313)', 'PRKCD(S664)', 'PRKCD(Y567)', 'PRKCD(Y52)', 'PRKCD(Y64)', 'PRKCD(Y155)', 'PRKCD(Y374)', 'PRKCD(S37)', 'PRKCD(T43)', 'PRKCD(S306)', 'PRKCD(S331)', 'PRKCD(T511)', 'PRKCD(T50)', 'PRKCD(Y646)', 'PRKCD(Y120)', 'PRKCD(S130)', 'PRKCD(S647)', 'PRKCD(T333)', 'PRKCD(S533)']"
P41240,CSK,3,"['CSK(Y304)', 'CSK(Y416)', 'CSK(S364)']"
P09619,PDGFRB,18,"['PDGFRB(Y857)', 'PDGFRB(Y581)', 'PDGFRB(Y751)', 'PDGFRB(Y716)', 'PDGFRB(Y1009)', 'PDGFRB(Y778)', 'PDGFRB(Y562)', 'PDGFRB(Y775)', 'PDGFRB(Y579)', 'PDGFRB(Y740)', 'PDGFRB(Y1021)', 'PDGFRB(Y771)', 'PDGFRB(Y763)', 'PDGFRB(S1104)', 'PDGFRB(Y686)', 'PDGFRB(Y970)', 'PDGFRB(Y934)', 'PDGFRB(S712)']"
P30291,WEE1,13,"['WEE1(S53)', 'WEE1(S123)', 'WEE1(S121)', 'WEE1(S139)', 'WEE1(S642)', 'WEE1(T173)', 'WEE1(Y295)', 'WEE1(S193)', 'WEE1(T187)', 'WEE1(T190)', 'WEE1(S212)', 'WEE1(S211)', 'WEE1(S165)']"
Q9BUB5,MKNK1,9,"['MKNK1(T385)', 'MKNK1(S221)', 'MKNK1(T250)', 'MKNK1(T255)', 'MKNK1(S460)', 'MKNK1(T214)', 'MKNK1(T209)', 'MKNK1(S39)', 'MKNK1(S353)']"
Q9HBH9,MKNK2,7,"['MKNK2(S74)', 'MKNK2(T244)', 'MKNK2(T249)', 'MKNK2(T379)', 'MKNK2(S437)', 'MKNK2(S452)', 'MKNK2(S455)']"
P07333,CSF1R,8,"['CSF1R(Y561)', 'CSF1R(Y809)', 'CSF1R(Y699)', 'CSF1R(Y708)', 'CSF1R(Y723)', 'CSF1R(Y546)', 'CSF1R(Y969)', 'CSF1R(S560)']"
P25098,GRK2,11,"['GRK2(S29)', 'GRK2(S670)', 'GRK2(Y86)', 'GRK2(Y92)', 'GRK2(Y13)', 'GRK2(P679)', 'GRK2(S685)', 'GRK2(K19)', 'GRK2(K21)', 'GRK2(K30)', 'GRK2(K31)']"
P34947,GRK5,4,"['GRK5(T485)', 'GRK5(S484)', 'GRK5(T10)', 'GRK5(Y253)']"
P08069,IGF1R,11,"['IGF1R(Y1280)', 'IGF1R(Y1165)', 'IGF1R(Y1281)', 'IGF1R(Y1166)', 'IGF1R(Y1346)', 'IGF1R(Y1161)', 'IGF1R(Y973)', 'IGF1R(Y980)', 'IGF1R(S982)', 'IGF1R(S1321)', 'IGF1R(S1278)']"
P48729,CSNK1A1,4,"['CSNK1A1(S242)', 'CSNK1A1(S218)', 'CSNK1A1(S246)', 'CSNK1A1(S270)']"
P07948,LYN,5,"['LYN(Y508)', 'LYN(Y316)', 'LYN(Y397)', 'LYN(S13)', 'LYN(Y32)']"
Q15118,PDK1,10,"['PDK1(Y244)', 'PDK1(Y243)', 'PDK1(Y136)', 'PDK1(S25)', 'PDK1(S393)', 'PDK1(S396)', 'PDK1(T338)', 'PDK1(S337)', 'PDK1(T346)', 'PDK1(Y376)']"
Q15119,PDK2,0,[]
Q15120,PDK3,0,[]
Q16654,PDK4,0,[]
P08581,MET,22,"['MET(Y1234)', 'MET(Y1230)', 'MET(Y1349)', 'MET(Y1235)', 'MET(Y1356)', 'MET(S988)', 'MET(S990)', 'MET(T977)', 'MET(Y1365)', 'MET(T995)', 'MET(S1006)', 'MET(S1008)', 'MET(Y1248)', 'MET(Y1252)', 'MET(Y1253)', 'MET(Y1367)', 'MET(Y1374)', 'MET(Y1003)', 'MET(S985)', 'MET(S1003)', 'MET(Y1313)', 'MET(S966)']"
Q02156,PRKCE,9,"['PRKCE(T566)', 'PRKCE(S729)', 'PRKCE(T703)', 'PRKCE(S316)', 'PRKCE(S234)', 'PRKCE(S368)', 'PRKCE(S346)', 'PRKCE(S350)', 'PRKCE(T710)']"
P08631,HCK,7,"['HCK(Y209)', 'HCK(Y522)', 'HCK(Y411)', 'HCK(Y51)', 'HCK(Y410)', 'HCK(Y521)', 'HCK(T36)']"
Q13464,ROCK1,6,"['ROCK1(T1334)', 'ROCK1(S1333)', 'ROCK1(T1337)', 'ROCK1(T1024)', 'ROCK1(S1341)', 'ROCK1(S1105)']"
Q13976,PRKG1,8,"['PRKG1(T59)', 'PRKG1(T57)', 'PRKG1(T58)', 'PRKG1(T84)', 'PRKG1(S65)', 'PRKG1(S64)', 'PRKG1(S80)', 'PRKG1(S50)']"
P09769,FGR,5,"['FGR(Y412)', 'FGR(Y523)', 'FGR(S27)', 'FGR(Y34)', 'FGR(Y180)']"
P23443,RPS6KB1,23,"['RPS6KB1(T390)', 'RPS6KB1(S394)', 'RPS6KB1(S434)', 'RPS6KB1(T412)', 'RPS6KB1(S447)', 'RPS6KB1(T389)', 'RPS6KB1(T444)', 'RPS6KB1(T252)', 'RPS6KB1(S40)', 'RPS6KB1(S441)', 'RPS6KB1(T470)', 'RPS6KB1(S427)', 'RPS6KB1(T229)', 'RPS6KB1(S53)', 'RPS6KB1(S403)', 'RPS6KB1(S398)', 'RPS6KB1(S411)', 'RPS6KB1(S429)', 'RPS6KB1(S424)', 'RPS6KB1(T387)', 'RPS6KB1(Y62)', 'RPS6KB1(S452)', 'RPS6KB1(S503)']"
P11362,FGFR1,62,"['FGFR1(Y654)', 'FGFR1(Y463)', 'FGFR1(Y585)', 'FGFR1(Y766)', 'FGFR1(Y280)', 'FGFR1(Y154)', 'FGFR1(Y605)', 'FGFR1(Y653)', 'FGFR1(Y583)', 'FGFR1(Y307)', 'FGFR1(Y730)', 'FGFR1(Y311)', 'FGFR1(Y338)', 'FGFR1(Y636)', 'FGFR1(Y494)', 'FGFR1(Y614)', 'FGFR1(Y616)', 'FGFR1(Y684)', 'FGFR1(Y685)', 'FGFR1(Y761)', 'FGFR1(Y797)', 'FGFR1(Y152)', 'FGFR1(Y189)', 'FGFR1(Y191)', 'FGFR1(Y216)', 'FGFR1(Y218)', 'FGFR1(Y278)', 'FGFR1(Y305)', 'FGFR1(Y372)', 'FGFR1(Y374)', 'FGFR1(Y461)', 'FGFR1(Y492)', 'FGFR1(Y496)', 'FGFR1(Y514)', 'FGFR1(Y516)', 'FGFR1(Y562)', 'FGFR1(Y563)', 'FGFR1(Y564)', 'FGFR1(Y565)', 'FGFR1(Y581)', 'FGFR1(Y603)', 'FGFR1(Y63)', 'FGFR1(Y639)', 'FGFR1(Y641)', 'FGFR1(Y65)', 'FGFR1(Y651)', 'FGFR1(Y652)', 'FGFR1(Y675)', 'FGFR1(Y677)', 'FGFR1(Y701)', 'FGFR1(Y728)', 'FGFR1(Y764)', 'FGFR1(Y776)', 'FGFR1(S779)', 'FGFR1(S810)', 'FGFR1(S777)', 'FGFR1(S808)', 'FGFR1(V366)', 'FGFR1(V279)', 'FGFR1(V277)', 'FGFR1(S789)', 'FGFR1(T454)']"
P05771,PRKCB,10,"['PRKCB(T500)', 'PRKCB(S661)', 'PRKCB(S660)', 'PRKCB(T641)', 'PRKCB(S16)', 'PRKCB(T642)', 'PRKCB(T17)', 'PRKCB(T634)', 'PRKCB(T635)', 'PRKCB(T48)']"
Q05397,PTK2,22,"['PTK2(Y576)', 'PTK2(Y577)', 'PTK2(Y397)', 'PTK2(Y861)', 'PTK2(Y407)', 'PTK2(Y925)', 'PTK2(S850)', 'PTK2(S390)', 'PTK2(S910)', 'PTK2(S732)', 'PTK2(Y742)', 'PTK2(Y1007)', 'PTK2(Y898)', 'PTK2(Y441)', 'PTK2(Y194)', 'PTK2(Y5)', 'PTK2(S843)', 'PTK2(S695)', 'PTK2(T700)', 'PTK2(S722)', 'PTK2(T474)', 'PTK2(S29)']"
P48730,CSNK1D,10,"['CSNK1D(T174)', 'CSNK1D(S181)', 'CSNK1D(S53)', 'CSNK1D(S298)', 'CSNK1D(T161)', 'CSNK1D(S191)', 'CSNK1D(T176)', 'CSNK1D(S331)', 'CSNK1D(S382)', 'CSNK1D(S350)']"
Q00535,CDK5,5,"['CDK5(Y15)', 'CDK5(S159)', 'CDK5(T77)', 'CDK5(S47)', 'CDK5(T17)']"
Q13164,MAPK7,16,"['MAPK7(T219)', 'MAPK7(Y221)', 'MAPK7(T733)', 'MAPK7(S567)', 'MAPK7(S803)', 'MAPK7(S731)', 'MAPK7(S774)', 'MAPK7(S772)', 'MAPK7(S770)', 'MAPK7(S496)', 'MAPK7(S421)', 'MAPK7(T28)', 'MAPK7(S433)', 'MAPK7(T594)', 'MAPK7(S754)', 'MAPK7(S486)']"
O43293,DAPK3,10,"['DAPK3(T299)', 'DAPK3(T265)', 'DAPK3(T306)', 'DAPK3(T180)', 'DAPK3(S311)', 'DAPK3(T225)', 'DAPK3(S309)', 'DAPK3(S312)', 'DAPK3(S318)', 'DAPK3(S326)']"
O43781,DYRK3,0,[]
P51812,RPS6KA3,16,"['RPS6KA3(T577)', 'RPS6KA3(S227)', 'RPS6KA3(S369)', 'RPS6KA3(S715)', 'RPS6KA3(Y529)', 'RPS6KA3(S386)', 'RPS6KA3(T365)', 'RPS6KA3(T231)', 'RPS6KA3(Y707)', 'RPS6KA3(Y488)', 'RPS6KA3(Y483)', 'RPS6KA3(Y580)', 'RPS6KA3(Y470)', 'RPS6KA3(Y644)', 'RPS6KA3(T581)', 'RPS6KA3(S19)']"
Q15349,RPS6KA2,15,"['RPS6KA2(S218)', 'RPS6KA2(T222)', 'RPS6KA2(T230)', 'RPS6KA2(S226)', 'RPS6KA2(T570)', 'RPS6KA2(S106)', 'RPS6KA2(S546)', 'RPS6KA2(S544)', 'RPS6KA2(S730)', 'RPS6KA2(Y217)', 'RPS6KA2(Y573)', 'RPS6KA2(T471)', 'RPS6KA2(S377)', 'RPS6KA2(T356)', 'RPS6KA2(S360)']"
Q16566,CAMK4,11,"['CAMK4(T200)', 'CAMK4(S12)', 'CAMK4(S13)', 'CAMK4(S15)', 'CAMK4(S8)', 'CAMK4(S360)', 'CAMK4(S341)', 'CAMK4(S336)', 'CAMK4(S337)', 'CAMK4(S345)', 'CAMK4(S356)']"
Q13535,ATR,9,"['ATR(Y291)', 'ATR(Y310)', 'ATR(S480)', 'ATR(S549)', 'ATR(S435)', 'ATR(S428)', 'ATR(T1989)', 'ATR(S296)', 'ATR(S20)']"
O15264,MAPK13,2,"['MAPK13(T180)', 'MAPK13(Y182)']"
P29597,TYK2,3,"['TYK2(Y1055)', 'TYK2(Y1054)', 'TYK2(Y292)']"
Q15418,RPS6KA1,16,"['RPS6KA1(S221)', 'RPS6KA1(S230)', 'RPS6KA1(S363)', 'RPS6KA1(T573)', 'RPS6KA1(T359)', 'RPS6KA1(S380)', 'RPS6KA1(T368)', 'RPS6KA1(S372)', 'RPS6KA1(S732)', 'RPS6KA1(S389)', 'RPS6KA1(T225)', 'RPS6KA1(T234)', 'RPS6KA1(T577)', 'RPS6KA1(T586)', 'RPS6KA1(S369)', 'RPS6KA1(T733)']"
P17948,FLT1,9,"['FLT1(Y1327)', 'FLT1(Y1333)', 'FLT1(Y1213)', 'FLT1(Y1242)', 'FLT1(Y1169)', 'FLT1(Y794)', 'FLT1(Y1053)', 'FLT1(Y1048)', 'FLT1(Y1309)']"
Q00526,CDK3,5,"['CDK3(S207)', 'CDK3(Y15)', 'CDK3(T14)', 'CDK3(Y19)', 'CDK3(T160)']"
P43405,SYK,10,"['SYK(Y352)', 'SYK(Y526)', 'SYK(Y525)', 'SYK(Y348)', 'SYK(Y323)', 'SYK(Y131)', 'SYK(S295)', 'SYK(Y296)', 'SYK(S178)', 'SYK(S297)']"
P45985,MAP2K4,3,"['MAP2K4(T261)', 'MAP2K4(S257)', 'MAP2K4(S80)']"
O15111,CHUK,6,"['CHUK(S176)', 'CHUK(S180)', 'CHUK(T23)', 'CHUK(S473)', 'CHUK(S536)', 'CHUK(S547)']"
P22455,FGFR4,4,"['FGFR4(Y754)', 'FGFR4(Y642)', 'FGFR4(Y643)', 'FGFR4(Y714)']"
P07947,YES1,5,"['YES1(Y426)', 'YES1(Y32)', 'YES1(Y537)', 'YES1(Y345)', 'YES1(Y521)']"
P42345,MTOR,15,"['MTOR(T2446)', 'MTOR(S2448)', 'MTOR(T2444)', 'MTOR(S2481)', 'MTOR(S2478)', 'MTOR(T2473)', 'MTOR(S2454)', 'MTOR(T2474)', 'MTOR(T308)', 'MTOR(S1261)', 'MTOR(S2159)', 'MTOR(S1418)', 'MTOR(S1415)', 'MTOR(T36)', 'MTOR(S1891)']"
P53667,LIMK1,9,"['LIMK1(T508)', 'LIMK1(S337)', 'LIMK1(S323)', 'LIMK1(Y507)', 'LIMK1(S298)', 'LIMK1(S310)', 'LIMK1(S307)', 'LIMK1(S578)', 'LIMK1(S302)']"
P53671,LIMK2,6,"['LIMK2(T505)', 'LIMK2(T484)', 'LIMK2(T526)', 'LIMK2(S283)', 'LIMK2(S262)', 'LIMK2(T494)']"
Q15569,TESK1,2,"['TESK1(S220)', 'TESK1(S440)']"
Q96S53,TESK2,3,"['TESK2(S369)', 'TESK2(S456)', 'TESK2(S460)']"
Q13177,PAK2,16,"['PAK2(Y130)', 'PAK2(S141)', 'PAK2(S197)', 'PAK2(T402)', 'PAK2(S19)', 'PAK2(S192)', 'PAK2(S20)', 'PAK2(S55)', 'PAK2(T134)', 'PAK2(T169)', 'PAK2(S132)', 'PAK2(S152)', 'PAK2(S58)', 'PAK2(S64)', 'PAK2(T143)', 'PAK2(T21)']"
P50750,CDK9,17,"['CDK9(S347)', 'CDK9(S353)', 'CDK9(S357)', 'CDK9(T350)', 'CDK9(T354)', 'CDK9(T362)', 'CDK9(T363)', 'CDK9(T186)', 'CDK9(T29)', 'CDK9(S329)', 'CDK9(K44)', 'CDK9(K48)', 'CDK9(S175)', 'CDK9(S90)', 'CDK9(S334)', 'CDK9(T330)', 'CDK9(T333)']"
P49674,CSNK1E,11,"['CSNK1E(S323)', 'CSNK1E(T334)', 'CSNK1E(S368)', 'CSNK1E(T337)', 'CSNK1E(S405)', 'CSNK1E(T407)', 'CSNK1E(S408)', 'CSNK1E(T325)', 'CSNK1E(T44)', 'CSNK1E(S389)', 'CSNK1E(S363)']"
Q02750,MAP2K1,14,"['MAP2K1(T386)', 'MAP2K1(T292)', 'MAP2K1(T286)', 'MAP2K1(S231)', 'MAP2K1(S218)', 'MAP2K1(S222)', 'MAP2K1(S298)', 'MAP2K1(S299)', 'MAP2K1(S244)', 'MAP2K1(S248)', 'MAP2K1(S24)', 'MAP2K1(S252)', 'MAP2K1(S304)', 'MAP2K1(T55)']"
P11802,CDK4,2,"['CDK4(T172)', 'CDK4(Y17)']"
P35916,FLT4,7,"['FLT4(Y830)', 'FLT4(Y833)', 'FLT4(Y853)', 'FLT4(Y1063)', 'FLT4(Y1230)', 'FLT4(Y1265)', 'FLT4(Y1231)']"
P43403,ZAP70,18,"['ZAP70(Y474)', 'ZAP70(Y292)', 'ZAP70(Y492)', 'ZAP70(Y493)', 'ZAP70(Y315)', 'ZAP70(Y178)', 'ZAP70(Y319)', 'ZAP70(Y69)', 'ZAP70(Y12)', 'ZAP70(Y126)', 'ZAP70(Y167)', 'ZAP70(Y185)', 'ZAP70(Y186)', 'ZAP70(Y8)', 'ZAP70(Y598)', 'ZAP70(Y597)', 'ZAP70(T293)', 'ZAP70(S289)']"
P23458,JAK1,4,"['JAK1(Y1035)', 'JAK1(Y1034)', 'JAK1(S518)', 'JAK1(S515)']"
P11309,PIM1,6,"['PIM1(S65)', 'PIM1(S276)', 'PIM1(Y309)', 'PIM1(S280)', 'PIM1(S95)', 'PIM1(T295)']"
Q8TDC3,BRSK1,4,"['BRSK1(T205)', 'BRSK1(T189)', 'BRSK1(S209)', 'BRSK1(S193)']"
Q9H4B4,PLK3,0,[]
P32298,GRK4,9,"['GRK4(S10)', 'GRK4(S430)', 'GRK4(S419)', 'GRK4(S139)', 'GRK4(T426)', 'GRK4(S249)', 'GRK4(S244)', 'GRK4(S485)', 'GRK4(T256)']"
Q13418,ILK,4,"['ILK(S343)', 'ILK(S246)', 'ILK(T173)', 'ILK(T181)']"
Q05513,PRKCZ,4,"['PRKCZ(T410)', 'PRKCZ(T227)', 'PRKCZ(T560)', 'PRKCZ(T377)']"
P57059,SIK1,4,"['SIK1(T182)', 'SIK1(S644)', 'SIK1(S435)', 'SIK1(S186)']"
Q96QT4,TRPM7,47,"['TRPM7(T1482)', 'TRPM7(S1258)', 'TRPM7(S1287)', 'TRPM7(T1537)', 'TRPM7(S1404)', 'TRPM7(S1387)', 'TRPM7(T1405)', 'TRPM7(S1390)', 'TRPM7(T1435)', 'TRPM7(T1265)', 'TRPM7(T1542)', 'TRPM7(S1463)', 'TRPM7(T1685)', 'TRPM7(S1851)', 'TRPM7(S1358)', 'TRPM7(S1695)', 'TRPM7(S1468)', 'TRPM7(S1543)', 'TRPM7(S1660)', 'TRPM7(S1193)', 'TRPM7(S1477)', 'TRPM7(S1860)', 'TRPM7(T1471)', 'TRPM7(S1569)', 'TRPM7(T1583)', 'TRPM7(T1830)', 'TRPM7(S1615)', 'TRPM7(S1446)', 'TRPM7(S1456)', 'TRPM7(S1255)', 'TRPM7(T1455)', 'TRPM7(S1779)', 'TRPM7(T1163)', 'TRPM7(S1476)', 'TRPM7(S1598)', 'TRPM7(S1567)', 'TRPM7(S1191)', 'TRPM7(T1551)', 'TRPM7(S1493)', 'TRPM7(S1533)', 'TRPM7(T1505)', 'TRPM7(S1271)', 'TRPM7(T1508)', 'TRPM7(S1407)', 'TRPM7(S1513)', 'TRPM7(S1527)', 'TRPM7(S1301)']"
P35968,KDR,12,"['KDR(Y1214)', 'KDR(Y996)', 'KDR(Y1175)', 'KDR(Y951)', 'KDR(Y1054)', 'KDR(Y1059)', 'KDR(Y801)', 'KDR(Y1305)', 'KDR(Y1319)', 'KDR(Y1309)', 'KDR(S229)', 'KDR(Y117)']"
P37173,TGFBR2,14,"['TGFBR2(Y424)', 'TGFBR2(S213)', 'TGFBR2(Y259)', 'TGFBR2(S416)', 'TGFBR2(Y336)', 'TGFBR2(S409)', 'TGFBR2(S238)', 'TGFBR2(Y284)', 'TGFBR2(Y361)', 'TGFBR2(S434)', 'TGFBR2(S441)', 'TGFBR2(Y449)', 'TGFBR2(Y309)', 'TGFBR2(S352)']"
Q99683,MAP3K5,11,"['MAP3K5(T838)', 'MAP3K5(S966)', 'MAP3K5(S83)', 'MAP3K5(T842)', 'MAP3K5(T813)', 'MAP3K5(S1029)', 'MAP3K5(Y814)', 'MAP3K5(Y718)', 'MAP3K5(T825)', 'MAP3K5(T1109)', 'MAP3K5(T1326)']"
Q9Y463,DYRK1B,4,"['DYRK1B(Y273)', 'DYRK1B(Y271)', 'DYRK1B(S421)', 'DYRK1B(T288)']"
Q9UM73,ALK,16,"['ALK(Y1283)', 'ALK(Y1282)', 'ALK(Y1278)', 'ALK(Y1604)', 'ALK(Y1059)', 'ALK(Y1092)', 'ALK(Y1096)', 'ALK(Y1131)', 'ALK(Y1239)', 'ALK(Y1327)', 'ALK(Y1330)', 'ALK(Y1359)', 'ALK(Y1385)', 'ALK(Y1401)', 'ALK(Y1507)', 'ALK(Y1586)']"
P51617,IRAK1,8,"['IRAK1(T209)', 'IRAK1(T387)', 'IRAK1(S376)', 'IRAK1(T66)', 'IRAK1(T100)', 'IRAK1(K134)', 'IRAK1(K180)', 'IRAK1(S556)']"
Q06187,BTK,9,"['BTK(Y551)', 'BTK(Y223)', 'BTK(S180)', 'BTK(S51)', 'BTK(T495)', 'BTK(S179)', 'BTK(S174)', 'BTK(S394)', 'BTK(T184)']"
O14733,MAP2K7,8,"['MAP2K7(T275)', 'MAP2K7(S271)', 'MAP2K7(S35)', 'MAP2K7(S53)', 'MAP2K7(S55)', 'MAP2K7(S57)', 'MAP2K7(S58)', 'MAP2K7(S61)']"
Q13882,PTK6,6,"['PTK6(Y447)', 'PTK6(Y342)', 'PTK6(S159)', 'PTK6(S446)', 'PTK6(Y114)', 'PTK6(Y351)']"
Q13627,DYRK1A,11,"['DYRK1A(Y321)', 'DYRK1A(Y319)', 'DYRK1A(S529)', 'DYRK1A(S520)', 'DYRK1A(S519)', 'DYRK1A(Y111)', 'DYRK1A(Y159)', 'DYRK1A(Y145)', 'DYRK1A(S538)', 'DYRK1A(S758)', 'DYRK1A(S763)']"
Q2M2I8,AAK1,11,"['AAK1(S637)', 'AAK1(T389)', 'AAK1(T170)', 'AAK1(T640)', 'AAK1(S14)', 'AAK1(S21)', 'AAK1(S624)', 'AAK1(S678)', 'AAK1(T606)', 'AAK1(T620)', 'AAK1(T653)']"
O94804,STK10,12,"['STK10(S455)', 'STK10(S438)', 'STK10(S13)', 'STK10(S392)', 'STK10(S417)', 'STK10(S448)', 'STK10(S450)', 'STK10(S454)', 'STK10(S514)', 'STK10(T14)', 'STK10(T185)', 'STK10(T952)']"
P04049,RAF1,27,"['RAF1(T269)', 'RAF1(S259)', 'RAF1(S338)', 'RAF1(S471)', 'RAF1(T491)', 'RAF1(S494)', 'RAF1(S339)', 'RAF1(S43)', 'RAF1(S233)', 'RAF1(T258)', 'RAF1(Y341)', 'RAF1(Y340)', 'RAF1(S289)', 'RAF1(S301)', 'RAF1(S642)', 'RAF1(S29)', 'RAF1(S296)', 'RAF1(R563)', 'RAF1(S621)', 'RAF1(S497)', 'RAF1(S619)', 'RAF1(S499)', 'RAF1(T268)', 'RAF1(S359)', 'RAF1(S294)', 'RAF1(T260)', 'RAF1(T638)']"
P41279,MAP3K8,4,"['MAP3K8(S413)', 'MAP3K8(S400)', 'MAP3K8(T290)', 'MAP3K8(S141)']"
O75582,RPS6KA5,13,"['RPS6KA5(S750)', 'RPS6KA5(S752)', 'RPS6KA5(S381)', 'RPS6KA5(S758)', 'RPS6KA5(S212)', 'RPS6KA5(S376)', 'RPS6KA5(S360)', 'RPS6KA5(T581)', 'RPS6KA5(T700)', 'RPS6KA5(S760)', 'RPS6KA5(S757)', 'RPS6KA5(T793)', 'RPS6KA5(S759)']"
Q14164,IKBKE,5,"['IKBKE(S172)', 'IKBKE(T501)', 'IKBKE(Y179)', 'IKBKE(Y153)', 'IKBKE(Y45)']"
Q9UHD2,TBK1,6,"['TBK1(S172)', 'TBK1(S716)', 'TBK1(Y354)', 'TBK1(Y394)', 'TBK1(S527)', 'TBK1(Y179)']"
Q00534,CDK6,4,"['CDK6(Y24)', 'CDK6(T177)', 'CDK6(S155)', 'CDK6(Y13)']"
P42681,TXK,2,"['TXK(Y91)', 'TXK(Y420)']"
Q92918,MAP4K1,11,"['MAP4K1(Y381)', 'MAP4K1(T165)', 'MAP4K1(S586)', 'MAP4K1(S376)', 'MAP4K1(S407)', 'MAP4K1(S421)', 'MAP4K1(S377)', 'MAP4K1(Y232)', 'MAP4K1(S171)', 'MAP4K1(S368)', 'MAP4K1(S366)']"
Q9H422,HIPK3,2,"['HIPK3(T358)', 'HIPK3(Y359)']"
P53778,MAPK12,4,"['MAPK12(S3)', 'MAPK12(Y185)', 'MAPK12(T183)', 'MAPK12(Y27)']"
Q14289,PTK2B,14,"['PTK2B(Y402)', 'PTK2B(Y440)', 'PTK2B(Y881)', 'PTK2B(Y579)', 'PTK2B(Y580)', 'PTK2B(S375)', 'PTK2B(S778)', 'PTK2B(S2)', 'PTK2B(Y839)', 'PTK2B(Y906)', 'PTK2B(Y864)', 'PTK2B(T15)', 'PTK2B(S392)', 'PTK2B(S307)']"
O00238,BMPR1B,0,[]
P36897,TGFBR1,10,"['TGFBR1(S187)', 'TGFBR1(S189)', 'TGFBR1(S191)', 'TGFBR1(T185)', 'TGFBR1(T186)', 'TGFBR1(T204)', 'TGFBR1(T176)', 'TGFBR1(T200)', 'TGFBR1(S172)', 'TGFBR1(S165)']"
Q15831,STK11,14,"['STK11(T189)', 'STK11(T185)', 'STK11(T336)', 'STK11(T402)', 'STK11(T363)', 'STK11(S428)', 'STK11(S404)', 'STK11(T367)', 'STK11(S307)', 'STK11(S399)', 'STK11(S325)', 'STK11(Y261)', 'STK11(Y36)', 'STK11(S31)']"
P52564,MAP2K6,4,"['MAP2K6(S207)', 'MAP2K6(T211)', 'MAP2K6(Y219)', 'MAP2K6(T28)']"
P07332,FES,5,"['FES(Y811)', 'FES(Y713)', 'FES(Y156)', 'FES(S716)', 'FES(T421)']"
P17612,PRKACA,9,"['PRKACA(T198)', 'PRKACA(S339)', 'PRKACA(Y70)', 'PRKACA(S11)', 'PRKACA(T202)', 'PRKACA(T49)', 'PRKACA(S140)', 'PRKACA(T196)', 'PRKACA(Y331)']"
P29320,EPHA3,3,"['EPHA3(Y779)', 'EPHA3(Y602)', 'EPHA3(Y596)']"
P54764,EPHA4,4,"['EPHA4(Y602)', 'EPHA4(Y596)', 'EPHA4(Y779)', 'EPHA4(Y928)']"
P29322,EPHA8,2,"['EPHA8(Y839)', 'EPHA8(Y616)']"
P22607,FGFR3,20,"['FGFR3(Y648)', 'FGFR3(Y770)', 'FGFR3(Y647)', 'FGFR3(Y724)', 'FGFR3(Y760)', 'FGFR3(Y577)', 'FGFR3(Y465)', 'FGFR3(Y535)', 'FGFR3(Y536)', 'FGFR3(Y612)', 'FGFR3(Y579)', 'FGFR3(Y762)', 'FGFR3(Y772)', 'FGFR3(Y649)', 'FGFR3(Y650)', 'FGFR3(Y726)', 'FGFR3(Y658)', 'FGFR3(Y599)', 'FGFR3(S408)', 'FGFR3(T450)']"
P10721,KIT,15,"['KIT(Y936)', 'KIT(Y568)', 'KIT(Y570)', 'KIT(Y703)', 'KIT(Y823)', 'KIT(Y553)', 'KIT(Y547)', 'KIT(Y721)', 'KIT(S821)', 'KIT(S959)', 'KIT(S746)', 'KIT(S741)', 'KIT(Y900)', 'KIT(Y730)', 'KIT(S943)']"
Q04912,MST1R,7,"['MST1R(Y1360)', 'MST1R(Y1239)', 'MST1R(Y1353)', 'MST1R(Y1238)', 'MST1R(Y1198)', 'MST1R(Y1288)', 'MST1R(S1394)']"
Q08881,ITK,3,"['ITK(Y180)', 'ITK(S565)', 'ITK(Y512)']"
Q02763,TEK,6,"['TEK(Y1048)', 'TEK(Y1102)', 'TEK(Y1108)', 'TEK(Y992)', 'TEK(Y1113)', 'TEK(Y897)']"
P54753,EPHB3,1,['EPHB3(Y614)']
P49759,CLK1,4,"['CLK1(T338)', 'CLK1(S140)', 'CLK1(T138)', 'CLK1(S341)']"
Q9NWZ3,IRAK4,12,"['IRAK4(T342)', 'IRAK4(S346)', 'IRAK4(T345)', 'IRAK4(T209)', 'IRAK4(S8)', 'IRAK4(T352)', 'IRAK4(T208)', 'IRAK4(T6)', 'IRAK4(S151)', 'IRAK4(S152)', 'IRAK4(S114)', 'IRAK4(S150)']"
P52333,JAK3,7,"['JAK3(Y785)', 'JAK3(Y980)', 'JAK3(Y981)', 'JAK3(Y939)', 'JAK3(Y904)', 'JAK3(T8)', 'JAK3(Y506)']"
Q12866,MERTK,3,"['MERTK(Y753)', 'MERTK(Y749)', 'MERTK(Y754)']"
Q16659,MAPK6,5,"['MAPK6(S189)', 'MAPK6(T698)', 'MAPK6(S684)', 'MAPK6(S688)', 'MAPK6(S705)']"
Q9UKI8,TLK1,7,"['TLK1(S743)', 'TLK1(S679)', 'TLK1(S764)', 'TLK1(S159)', 'TLK1(S744)', 'TLK1(T38)', 'TLK1(T89)']"
Q99558,MAP3K14,4,"['MAP3K14(T559)', 'MAP3K14(S820)', 'MAP3K14(S817)', 'MAP3K14(S814)']"
P19525,EIF2AK2,16,"['EIF2AK2(T451)', 'EIF2AK2(T258)', 'EIF2AK2(T446)', 'EIF2AK2(S242)', 'EIF2AK2(S83)', 'EIF2AK2(T88)', 'EIF2AK2(T89)', 'EIF2AK2(T90)', 'EIF2AK2(T255)', 'EIF2AK2(Y293)', 'EIF2AK2(Y162)', 'EIF2AK2(Y101)', 'EIF2AK2(S6)', 'EIF2AK2(S456)', 'EIF2AK2(D251)', 'EIF2AK2(S438)']"
P51955,NEK2,12,"['NEK2(S356)', 'NEK2(S365)', 'NEK2(S406)', 'NEK2(S438)', 'NEK2(S241)', 'NEK2(T170)', 'NEK2(S171)', 'NEK2(T179)', 'NEK2(T175)', 'NEK2(S397)', 'NEK2(S428)', 'NEK2(S402)']"
P24723,PRKCH,5,"['PRKCH(S32)', 'PRKCH(S28)', 'PRKCH(S675)', 'PRKCH(T656)', 'PRKCH(T513)']"
Q9HC98,NEK6,4,"['NEK6(S206)', 'NEK6(S198)', 'NEK6(S240)', 'NEK6(T202)']"
Q9BWU1,CDK19,0,[]
P43250,GRK6,2,"['GRK6(S484)', 'GRK6(T485)']"
Q9BQI3,EIF2AK1,2,"['EIF2AK1(T488)', 'EIF2AK1(S258)']"
Q9NZJ5,EIF2AK3,5,"['EIF2AK3(Y619)', 'EIF2AK3(T982)', 'EIF2AK3(Y585)', 'EIF2AK3(S715)', 'EIF2AK3(T244)']"
Q14012,CAMK1,1,['CAMK1(T177)']
Q15835,GRK1,5,"['GRK1(T492)', 'GRK1(S21)', 'GRK1(S491)', 'GRK1(S5)', 'GRK1(T8)']"
P29323,EPHB2,8,"['EPHB2(Y602)', 'EPHB2(Y603)', 'EPHB2(S776)', 'EPHB2(S777)', 'EPHB2(T775)', 'EPHB2(T776)', 'EPHB2(Y596)', 'EPHB2(Y504)']"
P51451,BLK,3,"['BLK(Y389)', 'BLK(Y501)', 'BLK(Y494)']"
P16234,PDGFRA,9,"['PDGFRA(Y762)', 'PDGFRA(Y1018)', 'PDGFRA(Y754)', 'PDGFRA(Y988)', 'PDGFRA(Y572)', 'PDGFRA(Y574)', 'PDGFRA(Y720)', 'PDGFRA(Y731)', 'PDGFRA(Y742)']"
Q13523,PRP4K,13,"['PRPF4B(S36)', 'PRPF4B(S294)', 'PRPF4B(S578)', 'PRPF4B(S580)', 'PRPF4B(S387)', 'PRPF4B(S431)', 'PRPF4B(S437)', 'PRPF4B(S569)', 'PRPF4B(S20)', 'PRPF4B(S356)', 'PRPF4B(S277)', 'PRPF4B(S366)', 'PRPF4B(S354)']"
Q5S007,LRRK2,53,"['LRRK2(S1403)', 'LRRK2(T1491)', 'LRRK2(T1967)', 'LRRK2(T2031)', 'LRRK2(S2032)', 'LRRK2(T1969)', 'LRRK2(T1410)', 'LRRK2(T1404)', 'LRRK2(T2035)', 'LRRK2(T424)', 'LRRK2(Y1485)', 'LRRK2(Y1402)', 'LRRK2(S1853)', 'LRRK2(T1503)', 'LRRK2(S955)', 'LRRK2(S1292)', 'LRRK2(S973)', 'LRRK2(T838)', 'LRRK2(S1457)', 'LRRK2(S1443)', 'LRRK2(T1470)', 'LRRK2(T1343)', 'LRRK2(S1253)', 'LRRK2(S1345)', 'LRRK2(S935)', 'LRRK2(S1913)', 'LRRK2(S1444)', 'LRRK2(T2524)', 'LRRK2(T776)', 'LRRK2(T1452)', 'LRRK2(S1283)', 'LRRK2(T1368)', 'LRRK2(T1612)', 'LRRK2(S910)', 'LRRK2(S1467)', 'LRRK2(T1849)', 'LRRK2(T1357)', 'LRRK2(S2257)', 'LRRK2(T524)', 'LRRK2(T2483)', 'LRRK2(T1912)', 'LRRK2(T1348)', 'LRRK2(S1124)', 'LRRK2(T833)', 'LRRK2(S5)', 'LRRK2(Y1332)', 'LRRK2(S1445)', 'LRRK2(S1647)', 'LRRK2(S1508)', 'LRRK2(T826)', 'LRRK2(S1536)', 'LRRK2(S3)', 'LRRK2(S1627)']"
P31152,MAPK4,2,"['MAPK4(S196)', 'MAPK4(S186)']"
Q15759,MAPK11,4,"['MAPK11(T180)', 'MAPK11(Y182)', 'MAPK11(T241)', 'MAPK11(S261)']"
Q16584,MAP3K11,13,"['MAP3K11(T277)', 'MAP3K11(S281)', 'MAP3K11(S674)', 'MAP3K11(T477)', 'MAP3K11(S758)', 'MAP3K11(S705)', 'MAP3K11(S789)', 'MAP3K11(S793)', 'MAP3K11(T738)', 'MAP3K11(S35)', 'MAP3K11(S507)', 'MAP3K11(S524)', 'MAP3K11(S748)']"
P35626,GRK3,0,[]
P42680,TEC,1,['TEC(Y206)']
Q5VT25,CDC42BPA,6,"['CDC42BPA(T403)', 'CDC42BPA(S1003)', 'CDC42BPA(T240)', 'CDC42BPA(S234)', 'CDC42BPA(S222)', 'CDC42BPA(S1651)']"
P46734,MAP2K3,6,"['MAP2K3(T222)', 'MAP2K3(S218)', 'MAP2K3(S189)', 'MAP2K3(S223)', 'MAP2K3(T193)', 'MAP2K3(T227)']"
Q13237,PRKG2,7,"['PRKG2(S110)', 'PRKG2(S114)', 'PRKG2(S117)', 'PRKG2(S126)', 'PRKG2(S445)', 'PRKG2(S92)', 'PRKG2(T109)']"
P53779,MAPK10,6,"['MAPK10(Y223)', 'MAPK10(T221)', 'MAPK10(T183)', 'MAPK10(Y185)', 'MAPK10(T131)', 'MAPK10(T93)']"
Q07912,TNK2,7,"['TNK2(Y284)', 'TNK2(Y635)', 'TNK2(Y860)', 'TNK2(Y859)', 'TNK2(Y827)', 'TNK2(Y518)', 'TNK2(T829)']"
Q13043,STK4,17,"['STK4(T183)', 'STK4(S327)', 'STK4(T187)', 'STK4(T177)', 'STK4(T353)', 'STK4(T367)', 'STK4(T387)', 'STK4(T120)', 'STK4(Y433)', 'STK4(D326)', 'STK4(D349)', 'STK4(S82)', 'STK4(T340)', 'STK4(S438)', 'STK4(S320)', 'STK4(S410)', 'STK4(S414)']"
O75116,ROCK2,9,"['ROCK2(Y722)', 'ROCK2(S1374)', 'ROCK2(S1366)', 'ROCK2(S1379)', 'ROCK2(S1132)', 'ROCK2(T967)', 'ROCK2(S1099)', 'ROCK2(S1134)', 'ROCK2(S1362)']"
Q8TD19,NEK9,11,"['NEK9(T210)', 'NEK9(S944)', 'NEK9(S735)', 'NEK9(S29)', 'NEK9(S868)', 'NEK9(T358)', 'NEK9(S332)', 'NEK9(T333)', 'NEK9(T335)', 'NEK9(T886)', 'NEK9(S869)']"
Q96RG2,PASK,12,"['PASK(T1165)', 'PASK(T1161)', 'PASK(T307)', 'PASK(T1168)', 'PASK(T1172)', 'PASK(T640)', 'PASK(S953)', 'PASK(S956)', 'PASK(T642)', 'PASK(S949)', 'PASK(S116)', 'PASK(S777)']"
Q9P286,PAK5,5,"['PAK5(S573)', 'PAK5(H19)', 'PAK5(H22)', 'PAK5(S104)', 'PAK5(T107)']"
Q9UBE8,NLK,0,[]
Q9H4A3,WNK1,16,"['WNK1(S382)', 'WNK1(T60)', 'WNK1(S2032)', 'WNK1(S2292)', 'WNK1(S167)', 'WNK1(S185)', 'WNK1(S1261)', 'WNK1(S174)', 'WNK1(S19)', 'WNK1(S2011)', 'WNK1(S2012)', 'WNK1(S2121)', 'WNK1(S2270)', 'WNK1(S2286)', 'WNK1(S2370)', 'WNK1(S378)']"
O60285,NUAK1,7,"['NUAK1(T211)', 'NUAK1(S444)', 'NUAK1(S600)', 'NUAK1(S445)', 'NUAK1(S480)', 'NUAK1(S476)', 'NUAK1(S22)']"
P42684,ABL2,13,"['ABL2(Y261)', 'ABL2(Y439)', 'ABL2(Y272)', 'ABL2(Y139)', 'ABL2(Y116)', 'ABL2(Y303)', 'ABL2(Y310)', 'ABL2(Y161)', 'ABL2(Y299)', 'ABL2(S620)', 'ABL2(S631)', 'ABL2(S655)', 'ABL2(S936)']"
P05129,PRKCG,3,"['PRKCG(T514)', 'PRKCG(T655)', 'PRKCG(T674)']"
P41743,PRKCI,5,"['PRKCI(Y265)', 'PRKCI(Y280)', 'PRKCI(Y334)', 'PRKCI(T564)', 'PRKCI(T412)']"
Q9BZL6,PRKD2,12,"['PRKD2(S876)', 'PRKD2(S244)', 'PRKD2(Y438)', 'PRKD2(S706)', 'PRKD2(S710)', 'PRKD2(Y87)', 'PRKD2(Y717)', 'PRKD2(S197)', 'PRKD2(S198)', 'PRKD2(S214)', 'PRKD2(S387)', 'PRKD2(T226)']"
Q9UIK4,DAPK2,2,"['DAPK2(S318)', 'DAPK2(S299)']"
Q9UPZ9,CILK1,3,"['CILK1(T157)', 'CILK1(Y159)', 'CILK1(Y15)']"
Q15208,STK38,10,"['STK38(S281)', 'STK38(T444)', 'STK38(T74)', 'STK38(S11)', 'STK38(S10)', 'STK38(T7)', 'STK38(S6)', 'STK38(T407)', 'STK38(T183)', 'STK38(S91)']"
Q9Y2H1,STK38L,2,"['STK38L(S282)', 'STK38L(T442)']"
Q9Y6E0,STK24,4,"['STK24(T190)', 'STK24(T182)', 'STK24(T18)', 'STK24(D336)']"
P51813,BMX,5,"['BMX(Y216)', 'BMX(Y224)', 'BMX(Y566)', 'BMX(Y40)', 'BMX(D242)']"
Q8N5S9,CAMKK1,13,"['CAMKK1(S74)', 'CAMKK1(S475)', 'CAMKK1(T108)', 'CAMKK1(S458)', 'CAMKK1(S513)', 'CAMKK1(S496)', 'CAMKK1(S52)', 'CAMKK1(S82)', 'CAMKK1(S97)', 'CAMKK1(S100)', 'CAMKK1(S492)', 'CAMKK1(S443)', 'CAMKK1(S452)']"
P29317,EPHA2,16,"['EPHA2(S897)', 'EPHA2(Y575)', 'EPHA2(Y594)', 'EPHA2(Y772)', 'EPHA2(Y960)', 'EPHA2(Y588)', 'EPHA2(Y735)', 'EPHA2(S901)', 'EPHA2(T898)', 'EPHA2(S899)', 'EPHA2(S570)', 'EPHA2(Y921)', 'EPHA2(Y694)', 'EPHA2(Y628)', 'EPHA2(S892)', 'EPHA2(Y930)']"
Q13233,MAP3K1,8,"['MAP3K1(S67)', 'MAP3K1(S970)', 'MAP3K1(T1400)', 'MAP3K1(T1412)', 'MAP3K1(S281)', 'MAP3K1(S1018)', 'MAP3K1(S1026)', 'MAP3K1(S292)']"
Q12851,MAP4K2,2,"['MAP4K2(S394)', 'MAP4K2(S328)']"
P36888,FLT3,10,"['FLT3(Y589)', 'FLT3(Y597)', 'FLT3(Y599)', 'FLT3(Y591)', 'FLT3(Y969)', 'FLT3(Y842)', 'FLT3(Y726)', 'FLT3(Y955)', 'FLT3(S935)', 'FLT3(Y768)']"
P31749,AKT1,21,"['AKT1(S129)', 'AKT1(S126)', 'AKT1(S473)', 'AKT1(T308)', 'AKT1(Y474)', 'AKT1(T450)', 'AKT1(Y176)', 'AKT1(Y326)', 'AKT1(Y315)', 'AKT1(T479)', 'AKT1(S477)', 'AKT1(T312)', 'AKT1(K14)', 'AKT1(K276)', 'AKT1(K284)', 'AKT1(D462)', 'AKT1(S246)', 'AKT1(T72)', 'AKT1(T34)', 'AKT1(S137)', 'AKT1(S124)']"
P78362,SRPK2,6,"['SRPK2(T492)', 'SRPK2(T503)', 'SRPK2(S497)', 'SRPK2(S494)', 'SRPK2(S496)', 'SRPK2(S52)']"
O96013,PAK4,19,"['PAK4(S474)', 'PAK4(S291)', 'PAK4(S138)', 'PAK4(T207)', 'PAK4(S104)', 'PAK4(S258)', 'PAK4(S105)', 'PAK4(S167)', 'PAK4(S181)', 'PAK4(S148)', 'PAK4(T478)', 'PAK4(T325)', 'PAK4(S99)', 'PAK4(S126)', 'PAK4(S309)', 'PAK4(T313)', 'PAK4(S163)', 'PAK4(S267)', 'PAK4(T33)']"
Q86UE8,TLK2,7,"['TLK2(S750)', 'TLK2(S686)', 'TLK2(S664)', 'TLK2(S99)', 'TLK2(S111)', 'TLK2(S117)', 'TLK2(S771)']"
O00141,SGK1,11,"['SGK1(S78)', 'SGK1(S74)', 'SGK1(T369)', 'SGK1(S173)', 'SGK1(T256)', 'SGK1(S422)', 'SGK1(S377)', 'SGK1(S472)', 'SGK1(S517)', 'SGK1(T464)', 'SGK1(T351)']"
P49336,CDK8,0,[]
Q9NYY3,PLK2,0,[]
O00444,PLK4,4,"['PLK4(S305)', 'PLK4(T170)', 'PLK4(S22)', 'PLK4(Y177)']"
Q86Y07,VRK2,0,[]
Q16644,MAPKAPK3,1,['MAPKAPK3(S78)']
Q9H0K1,SIK2,8,"['SIK2(T175)', 'SIK2(S358)', 'SIK2(S90)', 'SIK2(S343)', 'SIK2(S587)', 'SIK2(T484)', 'SIK2(S576)', 'SIK2(T589)']"
P54646,PRKAA2,6,"['PRKAA2(T172)', 'PRKAA2(S491)', 'PRKAA2(T258)', 'PRKAA2(S173)', 'PRKAA2(Y436)', 'PRKAA2(S377)']"
Q7KZI7,MARK2,20,"['MARK2(T208)', 'MARK2(T175)', 'MARK2(T596)', 'MARK2(S409)', 'MARK2(T603)', 'MARK2(T508)', 'MARK2(T562)', 'MARK2(T563)', 'MARK2(S400)', 'MARK2(S212)', 'MARK2(S483)', 'MARK2(S422)', 'MARK2(S40)', 'MARK2(S456)', 'MARK2(S486)', 'MARK2(S498)', 'MARK2(S535)', 'MARK2(S571)', 'MARK2(S619)', 'MARK2(T467)']"
Q96BR1,SGK3,4,"['SGK3(T320)', 'SGK3(S486)', 'SGK3(S454)', 'SGK3(T60)']"
Q13555,CAMK2G,7,"['CAMK2G(T287)', 'CAMK2G(S319)', 'CAMK2G(S280)', 'CAMK2G(T306)', 'CAMK2G(S333)', 'CAMK2G(S315)', 'CAMK2G(S311)']"
Q9H093,NUAK2,3,"['NUAK2(T208)', 'NUAK2(S573)', 'NUAK2(Y131)']"
Q13188,STK3,16,"['STK3(T117)', 'STK3(T384)', 'STK3(T145)', 'STK3(T412)', 'STK3(T180)', 'STK3(T378)', 'STK3(T208)', 'STK3(Y81)', 'STK3(T336)', 'STK3(Y109)', 'STK3(D322)', 'STK3(S385)', 'STK3(S15)', 'STK3(S18)', 'STK3(S316)', 'STK3(T174)']"
O94921,CDK14,4,"['CDK14(S134)', 'CDK14(S24)', 'CDK14(S78)', 'CDK14(S95)']"
O00311,CDC7,8,"['CDC7(T376)', 'CDC7(S216)', 'CDC7(S277)', 'CDC7(S296)', 'CDC7(S318)', 'CDC7(S239)', 'CDC7(S285)', 'CDC7(S297)']"
Q15746,MYLK,27,"['MYLK(Y231)', 'MYLK(Y464)', 'MYLK(Y556)', 'MYLK(Y611)', 'MYLK(Y792)', 'MYLK(Y846)', 'MYLK(Y1449)', 'MYLK(Y1575)', 'MYLK(Y1635)', 'MYLK(Y471)', 'MYLK(S1760)', 'MYLK(S1208)', 'MYLK(S1759)', 'MYLK(S18)', 'MYLK(S1772)', 'MYLK(S837)', 'MYLK(S850)', 'MYLK(S1773)', 'MYLK(S13)', 'MYLK(S815)', 'MYLK(S1388)', 'MYLK(T978)', 'MYLK(S1779)', 'MYLK(S947)', 'MYLK(S16)', 'MYLK(S1776)', 'MYLK(S305)']"
Q32MK0,MYLK3,0,[]
Q8NG66,NEK11,1,['NEK11(S273)']
Q14680,MELK,22,"['MELK(T167)', 'MELK(T494)', 'MELK(S407)', 'MELK(S356)', 'MELK(S529)', 'MELK(T398)', 'MELK(S391)', 'MELK(T539)', 'MELK(S171)', 'MELK(S505)', 'MELK(S431)', 'MELK(T387)', 'MELK(S405)', 'MELK(T409)', 'MELK(Y438)', 'MELK(Y367)', 'MELK(S336)', 'MELK(S343)', 'MELK(Y163)', 'MELK(S253)', 'MELK(T56)', 'MELK(T518)']"
Q96J92,WNK4,8,"['WNK4(S575)', 'WNK4(Y1164)', 'WNK4(Y1113)', 'WNK4(Y1115)', 'WNK4(S1190)', 'WNK4(S1201)', 'WNK4(S1217)', 'WNK4(S335)']"
Q8NE63,HIPK4,1,['HIPK4(S337)']
P51817,PRKX,0,[]
Q09013,DMPK,0,[]
P49760,CLK2,4,"['CLK2(S34)', 'CLK2(T127)', 'CLK2(S142)', 'CLK2(S50)']"
Q13557,CAMK2D,7,"['CAMK2D(T331)', 'CAMK2D(S333)', 'CAMK2D(S334)', 'CAMK2D(S319)', 'CAMK2D(S315)', 'CAMK2D(T337)', 'CAMK2D(T287)']"
Q13554,CAMK2B,2,"['CAMK2B(T287)', 'CAMK2B(S423)']"
Q9UQB9,AURKC,0,[]
Q5TCY1,TTBK1,1,['TTBK1(S1041)']
Q9P0L2,MARK1,9,"['MARK1(T215)', 'MARK1(S219)', 'MARK1(S383)', 'MARK1(S197)', 'MARK1(T193)', 'MARK1(S403)', 'MARK1(S666)', 'MARK1(S394)', 'MARK1(S588)']"
P21675,TAF1,0,[]
O75676,RPS6KA4,12,"['RPS6KA4(S196)', 'RPS6KA4(S347)', 'RPS6KA4(S360)', 'RPS6KA4(S343)', 'RPS6KA4(T568)', 'RPS6KA4(T562)', 'RPS6KA4(T681)', 'RPS6KA4(T687)', 'RPS6KA4(S324)', 'RPS6KA4(S681)', 'RPS6KA4(S682)', 'RPS6KA4(S745)']"
Q9NRM7,LATS2,10,"['LATS2(S83)', 'LATS2(S380)', 'LATS2(S872)', 'LATS2(T1041)', 'LATS2(S835)', 'LATS2(S408)', 'LATS2(S446)', 'LATS2(S172)', 'LATS2(S528)', 'LATS2(S576)']"
O95835,LATS1,16,"['LATS1(S613)', 'LATS1(T490)', 'LATS1(S464)', 'LATS1(S909)', 'LATS1(T1079)', 'LATS1(T967)', 'LATS1(T1060)', 'LATS1(T1012)', 'LATS1(S872)', 'LATS1(S674)', 'LATS1(S1049)', 'LATS1(S244)', 'LATS1(S181)', 'LATS1(T17)', 'LATS1(T246)', 'LATS1(T262)']"
Q96RR4,CAMKK2,10,"['CAMKK2(S511)', 'CAMKK2(S129)', 'CAMKK2(S133)', 'CAMKK2(S137)', 'CAMKK2(T483)', 'CAMKK2(T85)', 'CAMKK2(T145)', 'CAMKK2(S495)', 'CAMKK2(S100)', 'CAMKK2(Y128)']"
Q99640,PKMYT1,7,"['PKMYT1(S426)', 'PKMYT1(T495)', 'PKMYT1(S469)', 'PKMYT1(S83)', 'PKMYT1(S143)', 'PKMYT1(S94)', 'PKMYT1(T71)']"
Q08345,DDR1,5,"['DDR1(Y513)', 'DDR1(Y569)', 'DDR1(Y586)', 'DDR1(S788)', 'DDR1(S794)']"
Q8IZL9,CDK20,0,[]
Q8IU85,CAMK1D,2,"['CAMK1D(T180)', 'CAMK1D(S122)']"
Q9NYL2,MAP3K20,10,"['MAP3K20(S165)', 'MAP3K20(T162)', 'MAP3K20(T161)', 'MAP3K20(S593)', 'MAP3K20(S633)', 'MAP3K20(S637)', 'MAP3K20(S648)', 'MAP3K20(S649)', 'MAP3K20(S691)', 'MAP3K20(S727)']"
O75716,STK16,3,"['STK16(Y198)', 'STK16(T185)', 'STK16(S197)']"
Q7L7X3,TAOK1,9,"['TAOK1(S990)', 'TAOK1(T785)', 'TAOK1(T643)', 'TAOK1(T440)', 'TAOK1(S421)', 'TAOK1(S445)', 'TAOK1(S866)', 'TAOK1(S9)', 'TAOK1(S965)']"
P36507,MAP2K2,9,"['MAP2K2(S222)', 'MAP2K2(S226)', 'MAP2K2(S372)', 'MAP2K2(Y244)', 'MAP2K2(S26)', 'MAP2K2(T396)', 'MAP2K2(T59)', 'MAP2K2(S23)', 'MAP2K2(T394)']"
Q8N4C8,MINK1,10,"['MINK1(T280)', 'MINK1(S641)', 'MINK1(S674)', 'MINK1(S701)', 'MINK1(S733)', 'MINK1(S763)', 'MINK1(S778)', 'MINK1(S782)', 'MINK1(S993)', 'MINK1(T644)']"
P36896,ACVR1B,1,['ACVR1B(T206)']
P16591,FER,4,"['FER(Y714)', 'FER(Y402)', 'FER(S434)', 'FER(Y615)']"
P42685,FRK,3,"['FRK(Y46)', 'FRK(S407)', 'FRK(Y497)']"
Q13131,PRKAA1,19,"['PRKAA1(S496)', 'PRKAA1(S486)', 'PRKAA1(T183)', 'PRKAA1(T198)', 'PRKAA1(S467)', 'PRKAA1(S494)', 'PRKAA1(T388)', 'PRKAA1(S360)', 'PRKAA1(S375)', 'PRKAA1(T403)', 'PRKAA1(S501)', 'PRKAA1(S509)', 'PRKAA1(S511)', 'PRKAA1(T482)', 'PRKAA1(T490)', 'PRKAA1(S476)', 'PRKAA1(S459)', 'PRKAA1(S356)', 'PRKAA1(S5)']"
Q9NYV4,CDK12,26,"['CDK12(S274)', 'CDK12(S383)', 'CDK12(S681)', 'CDK12(T893)', 'CDK12(S276)', 'CDK12(S385)', 'CDK12(S685)', 'CDK12(S334)', 'CDK12(S338)', 'CDK12(S393)', 'CDK12(S394)', 'CDK12(T1246)', 'CDK12(S1083)', 'CDK12(S303)', 'CDK12(S306)', 'CDK12(S32)', 'CDK12(S333)', 'CDK12(S345)', 'CDK12(S349)', 'CDK12(S357)', 'CDK12(S359)', 'CDK12(S423)', 'CDK12(T1244)', 'CDK12(T514)', 'CDK12(T692)', 'CDK12(Y279)']"
P15735,PHKG2,0,[]
Q16816,PHKG1,2,"['PHKG1(S82)', 'PHKG1(S31)']"
Q9HCP0,CSNK1G1,0,[]
Q9Y4A5,TRRAP,3,"['TRRAP(S2034)', 'TRRAP(S2051)', 'TRRAP(S2077)']"
P00540,MOS,1,['MOS(S3)']
Q9UL54,TAOK2,2,"['TAOK2(S181)', 'TAOK2(S473)']"
Q96GX5,MASTL,11,"['MASTL(T207)', 'MASTL(T194)', 'MASTL(S875)', 'MASTL(S90)', 'MASTL(T299)', 'MASTL(S320)', 'MASTL(S370)', 'MASTL(S453)', 'MASTL(S619)', 'MASTL(T519)', 'MASTL(S552)']"
Q9BXA7,TSSK1B,1,['TSSK1B(T174)']
P19784,CSNK2A2,0,[]
Q16512,PKN1,21,"['PKN1(T774)', 'PKN1(T780)', 'PKN1(S773)', 'PKN1(S374)', 'PKN1(T531)', 'PKN1(T64)', 'PKN1(S380)', 'PKN1(T537)', 'PKN1(T70)', 'PKN1(S378)', 'PKN1(S386)', 'PKN1(S582)', 'PKN1(S614)', 'PKN1(S372)', 'PKN1(S576)', 'PKN1(S608)', 'PKN1(S537)', 'PKN1(S562)', 'PKN1(S916)', 'PKN1(S533)', 'PKN1(T778)']"
O43683,BUB1,27,"['BUB1(T609)', 'BUB1(S593)', 'BUB1(S459)', 'BUB1(T461)', 'BUB1(S314)', 'BUB1(T589)', 'BUB1(S563)', 'BUB1(S510)', 'BUB1(S667)', 'BUB1(S969)', 'BUB1(T960)', 'BUB1(T148)', 'BUB1(T552)', 'BUB1(T213)', 'BUB1(S419)', 'BUB1(S679)', 'BUB1(T173)', 'BUB1(S454)', 'BUB1(S511)', 'BUB1(S618)', 'BUB1(S176)', 'BUB1(S752)', 'BUB1(S525)', 'BUB1(S198)', 'BUB1(S596)', 'BUB1(S655)', 'BUB1(S661)']"
Q9Y243,AKT3,6,"['AKT3(T305)', 'AKT3(S472)', 'AKT3(T309)', 'AKT3(S474)', 'AKT3(S476)', 'AKT3(S120)']"
Q9P2K8,EIF2AK4,2,"['EIF2AK4(S555)', 'EIF2AK4(T667)']"
Q13163,MAP2K5,7,"['MAP2K5(S129)', 'MAP2K5(S137)', 'MAP2K5(S142)', 'MAP2K5(S149)', 'MAP2K5(S133)', 'MAP2K5(T315)', 'MAP2K5(S311)']"
O14578,CIT,6,"['CIT(S1432)', 'CIT(S1940)', 'CIT(S1971)', 'CIT(S1993)', 'CIT(S440)', 'CIT(S480)']"
P15056,BRAF,23,"['BRAF(S446)', 'BRAF(S364)', 'BRAF(S339)', 'BRAF(S365)', 'BRAF(T753)', 'BRAF(S151)', 'BRAF(T401)', 'BRAF(S750)', 'BRAF(R671)', 'BRAF(S429)', 'BRAF(S430)', 'BRAF(S428)', 'BRAF(T440)', 'BRAF(S147)', 'BRAF(T373)', 'BRAF(S419)', 'BRAF(S614)', 'BRAF(T599)', 'BRAF(S602)', 'BRAF(S729)', 'BRAF(S579)', 'BRAF(S727)', 'BRAF(S447)']"
Q9H2K8,TAOK3,6,"['TAOK3(S324)', 'TAOK3(S359)', 'TAOK3(S551)', 'TAOK3(T181)', 'TAOK3(Y183)', 'TAOK3(S442)']"
Q12852,MAP3K12,0,[]
O43353,RIPK2,10,"['RIPK2(S176)', 'RIPK2(S181)', 'RIPK2(S180)', 'RIPK2(S174)', 'RIPK2(S178)', 'RIPK2(Y474)', 'RIPK2(Y381)', 'RIPK2(S357)', 'RIPK2(S363)', 'RIPK2(S531)']"
Q9UEW8,STK39,6,"['STK39(S371)', 'STK39(T231)', 'STK39(S323)', 'STK39(S71)', 'STK39(S309)', 'STK39(T354)']"
Q9BXM7,PINK1,7,"['PINK1(S228)', 'PINK1(S495)', 'PINK1(S284)', 'PINK1(S402)', 'PINK1(T257)', 'PINK1(T313)', 'PINK1(S465)']"
P22694,PRKACB,3,"['PRKACB(S140)', 'PRKACB(T198)', 'PRKACB(T196)']"
P54762,EPHB1,2,"['EPHB1(Y928)', 'EPHB1(Y594)']"
O00418,EEF2K,19,"['EEF2K(S359)', 'EEF2K(S396)', 'EEF2K(S74)', 'EEF2K(S377)', 'EEF2K(S78)', 'EEF2K(S366)', 'EEF2K(S71)', 'EEF2K(S398)', 'EEF2K(S445)', 'EEF2K(S441)', 'EEF2K(S500)', 'EEF2K(T348)', 'EEF2K(T353)', 'EEF2K(S474)', 'EEF2K(S627)', 'EEF2K(S72)', 'EEF2K(S18)', 'EEF2K(S66)', 'EEF2K(Y69)']"
Q8N752,CSNK1A1L,0,[]
P22612,PRKACG,0,[]
O94806,PRKD3,5,"['PRKD3(S731)', 'PRKD3(S391)', 'PRKD3(S395)', 'PRKD3(S41)', 'PRKD3(S27)']"
Q8TDX7,NEK7,4,"['NEK7(S195)', 'NEK7(S187)', 'NEK7(S204)', 'NEK7(Y97)']"
O95747,OXSR1,4,"['OXSR1(T185)', 'OXSR1(S325)', 'OXSR1(S339)', 'OXSR1(S359)']"
Q16620,NTRK2,11,"['NTRK2(Y706)', 'NTRK2(Y707)', 'NTRK2(Y516)', 'NTRK2(Y702)', 'NTRK2(Y532)', 'NTRK2(Y718)', 'NTRK2(Y722)', 'NTRK2(Y723)', 'NTRK2(Y833)', 'NTRK2(Y817)', 'NTRK2(S479)']"
O95382,MAP3K6,1,['MAP3K6(T806)']
Q13546,RIPK1,18,"['RIPK1(K377)', 'RIPK1(D324)', 'RIPK1(S320)', 'RIPK1(S166)', 'RIPK1(S335)', 'RIPK1(T337)', 'RIPK1(S296)', 'RIPK1(S291)', 'RIPK1(S345)', 'RIPK1(S357)', 'RIPK1(S389)', 'RIPK1(S333)', 'RIPK1(S346)', 'RIPK1(S262)', 'RIPK1(S15)', 'RIPK1(S14)', 'RIPK1(S20)', 'RIPK1(S161)']"
O76039,CDKL5,6,"['CDKL5(T169)', 'CDKL5(Y171)', 'CDKL5(S308)', 'CDKL5(S306)', 'CDKL5(S407)', 'CDKL5(S714)']"
Q9Y572,RIPK3,5,"['RIPK3(S227)', 'RIPK3(T182)', 'RIPK3(S199)', 'RIPK3(S316)', 'RIPK3(S410)']"
Q9Y2K2,SIK3,12,"['SIK3(T221)', 'SIK3(S626)', 'SIK3(S551)', 'SIK3(T469)', 'SIK3(S493)', 'SIK3(S568)', 'SIK3(S673)', 'SIK3(S690)', 'SIK3(S808)', 'SIK3(S920)', 'SIK3(T163)', 'SIK3(T411)']"
O60885,BRD4,10,"['BRD4(Y98)', 'BRD4(Y97)', 'BRD4(T204)', 'BRD4(S5)', 'BRD4(S470)', 'BRD4(S1064)', 'BRD4(S1083)', 'BRD4(S1117)', 'BRD4(S1126)', 'BRD4(S601)']"
Q6PHR2,ULK3,4,"['ULK3(S300)', 'ULK3(S350)', 'ULK3(S464)', 'ULK3(S384)']"
Q9UQ88,CDK11A,5,"['CDK11A(S271)', 'CDK11A(S740)', 'CDK11A(T583)', 'CDK11A(T739)', 'CDK11A(Y582)']"
Q86SG6,NEK8,1,['NEK8(T162)']
Q8IVH8,MAP4K3,1,['MAP4K3(S170)']
Q9NQU5,PAK6,5,"['PAK6(S165)', 'PAK6(T564)', 'PAK6(Y566)', 'PAK6(S246)', 'PAK6(S560)']"
Q6P5Z2,PKN3,2,"['PKN3(S544)', 'PKN3(T550)']"
Q96KB5,PBK,4,"['PBK(T9)', 'PBK(Y74)', 'PBK(Y272)', 'PBK(S59)']"
Q8WZ42,TTN,19,"['TTN(S4065)', 'TTN(S4185)', 'TTN(S4010)', 'TTN(S4502)', 'TTN(T11922)', 'TTN(S12022)', 'TTN(T11932)', 'TTN(T11969)', 'TTN(S11878)', 'TTN(S4099)', 'TTN(S4092)', 'TTN(S4372)', 'TTN(S13519)', 'TTN(S13663)', 'TTN(T2)', 'TTN(S3873)', 'TTN(S25718)', 'TTN(T474)', 'TTN(T608)']"
Q8TD08,MAPK15,10,"['MAPK15(Y177)', 'MAPK15(T175)', 'MAPK15(T381)', 'MAPK15(S192)', 'MAPK15(S331)', 'MAPK15(S362)', 'MAPK15(S379)', 'MAPK15(T352)', 'MAPK15(T192)', 'MAPK15(Y194)']"
Q9HAZ1,CLK4,3,"['CLK4(S138)', 'CLK4(S339)', 'CLK4(T340)']"
Q8IWQ3,BRSK2,16,"['BRSK2(T174)', 'BRSK2(T220)', 'BRSK2(T260)', 'BRSK2(T306)', 'BRSK2(S367)', 'BRSK2(S382)', 'BRSK2(S393)', 'BRSK2(S423)', 'BRSK2(S439)', 'BRSK2(S466)', 'BRSK2(S467)', 'BRSK2(S489)', 'BRSK2(S513)', 'BRSK2(T509)', 'BRSK2(T459)', 'BRSK2(T463)']"
Q9UKE5,TNIK,9,"['TNIK(S680)', 'TNIK(S640)', 'TNIK(T181)', 'TNIK(T187)', 'TNIK(S764)', 'TNIK(S548)', 'TNIK(S688)', 'TNIK(S707)', 'TNIK(S769)']"
Q5TCX8,MAP3K21,2,"['MAP3K21(S528)', 'MAP3K21(S614)']"
Q9Y6R4,MAP3K4,2,"['MAP3K4(T1494)', 'MAP3K4(S1274)']"
P78368,CSNK1G2,1,['CSNK1G2(S32)']
Q96Q15,SMG1,3,"['SMG1(S3570)', 'SMG1(T3550)', 'SMG1(T3573)']"
Q86V86,PIM3,0,[]
Q96SB4,SRPK1,11,"['SRPK1(S222)', 'SRPK1(S726)', 'SRPK1(S555)', 'SRPK1(S51)', 'SRPK1(S39)', 'SRPK1(S309)', 'SRPK1(S33)', 'SRPK1(T326)', 'SRPK1(S587)', 'SRPK1(S408)', 'SRPK1(S311)']"
Q15131,CDK10,1,['CDK10(T196)']
Q6P2M8,PNCK,0,[]
Q99759,MAP3K3,10,"['MAP3K3(S166)', 'MAP3K3(S337)', 'MAP3K3(S197)', 'MAP3K3(S368)', 'MAP3K3(S526)', 'MAP3K3(S557)', 'MAP3K3(T516)', 'MAP3K3(S520)', 'MAP3K3(S176)', 'MAP3K3(T353)']"
Q9Y3S1,WNK2,4,"['WNK2(S1862)', 'WNK2(S1914)', 'WNK2(S1915)', 'WNK2(S49)']"
Q86Z02,HIPK1,2,"['HIPK1(S967)', 'HIPK1(T351)']"
Q9HBY8,SGK2,2,"['SGK2(T253)', 'SGK2(S416)']"
Q9Y5S2,CDC42BPB,2,"['CDC42BPB(T1108)', 'CDC42BPB(S1690)']"
Q07002,CDK18,9,"['CDK18(S14)', 'CDK18(S115)', 'CDK18(S12)', 'CDK18(S130)', 'CDK18(S87)', 'CDK18(S96)', 'CDK18(T152)', 'CDK18(Y153)', 'CDK18(S72)']"
Q8IYT8,ULK2,2,"['ULK2(S1027)', 'ULK2(S1032)']"
P27448,MARK3,21,"['MARK3(T234)', 'MARK3(T211)', 'MARK3(S215)', 'MARK3(S238)', 'MARK3(T90)', 'MARK3(T95)', 'MARK3(S96)', 'MARK3(T564)', 'MARK3(S601)', 'MARK3(S598)', 'MARK3(S606)', 'MARK3(T602)', 'MARK3(S629)', 'MARK3(T625)', 'MARK3(T507)', 'MARK3(S391)', 'MARK3(S400)', 'MARK3(S419)', 'MARK3(S469)', 'MARK3(S583)', 'MARK3(T491)']"
P30530,AXL,7,"['AXL(Y779)', 'AXL(Y821)', 'AXL(Y866)', 'AXL(Y770)', 'AXL(Y812)', 'AXL(Y857)', 'AXL(Y702)']"
Q9H1R3,MYLK2,0,[]
Q9BYP7,WNK3,5,"['WNK3(S1095)', 'WNK3(S1471)', 'WNK3(S1585)', 'WNK3(S886)', 'WNK3(S905)']"
P20794,MAK,2,"['MAK(Y159)', 'MAK(T157)']"
Q6J9G0,STYK1,0,[]
Q9P1W9,PIM2,0,[]
Q8NEV4,MYO3A,6,"['MYO3A(T908)', 'MYO3A(T919)', 'MYO3A(T184)', 'MYO3A(T178)', 'MYO3A(T188)', 'MYO3A(S1355)']"
P49842,STK19,0,[]
Q02779,MAP3K10,0,[]
O00506,STK25,2,"['STK25(T174)', 'STK25(T168)']"
O14874,BCKDK,4,"['BCKDK(Y246)', 'BCKDK(S52)', 'BCKDK(S31)', 'BCKDK(T32)']"
O14730,RIOK3,0,[]
O75385,ULK1,16,"['ULK1(S556)', 'ULK1(S317)', 'ULK1(S638)', 'ULK1(S758)', 'ULK1(S495)', 'ULK1(S469)', 'ULK1(S533)', 'ULK1(T180)', 'ULK1(S423)', 'ULK1(S775)', 'ULK1(S450)', 'ULK1(S467)', 'ULK1(S477)', 'ULK1(S479)', 'ULK1(S544)', 'ULK1(S623)']"
Q96PN8,TSSK3,2,"['TSSK3(T168)', 'TSSK3(S166)']"
Q9UEE5,STK17A,2,"['STK17A(S13)', 'STK17A(S28)']"
Q8IWU2,LMTK2,1,['LMTK2(S1450)']
Q96NX5,CAMK1G,0,[]
Q9Y4K4,MAP4K5,3,"['MAP4K5(S433)', 'MAP4K5(S335)', 'MAP4K5(S767)']"
Q3MIX3,ADCK5,0,[]
P36894,BMPR1A,0,[]
Q13705,ACVR2B,0,[]
P10398,ARAF,9,"['ARAF(Y301)', 'ARAF(Y302)', 'ARAF(T455)', 'ARAF(T452)', 'ARAF(S299)', 'ARAF(S157)', 'ARAF(S186)', 'ARAF(S257)', 'ARAF(T589)']"
P21802,FGFR2,4,"['FGFR2(S782)', 'FGFR2(S780)', 'FGFR2(Y769)', 'FGFR2(Y770)']"
Q96S44,TP53RK,1,['TP53RK(S250)']
Q6IQ55,TTBK2,0,[]
P51956,NEK3,3,"['NEK3(T165)', 'NEK3(S253)', 'NEK3(S355)']"
P11274,BCR,20,"['BCR(Y283)', 'BCR(Y177)', 'BCR(Y246)', 'BCR(Y279)', 'BCR(Y276)', 'BCR(Y360)', 'BCR(S1264)', 'BCR(S1220)', 'BCR(S463)', 'BCR(S459)', 'BCR(T310)', 'BCR(S1039)', 'BCR(S122)', 'BCR(S215)', 'BCR(S315)', 'BCR(S317)', 'BCR(S354)', 'BCR(S473)', 'BCR(S698)', 'BCR(S239)']"
Q9BX84,TRPM6,2,"['TRPM6(T1851)', 'TRPM6(T1724)']"
Q96PY6,NEK1,5,"['NEK1(Y315)', 'NEK1(T141)', 'NEK1(S14)', 'NEK1(S1052)', 'NEK1(S664)']"
P80192,MAP3K9,2,"['MAP3K9(T312)', 'MAP3K9(S519)']"
P42679,MATK,1,['MATK(S501)']
Q8N165,PDIK1L,0,[]
Q00536,CDK16,18,"['CDK16(S153)', 'CDK16(S110)', 'CDK16(S119)', 'CDK16(S12)', 'CDK16(S116)', 'CDK16(S125)', 'CDK16(S18)', 'CDK16(S159)', 'CDK16(S86)', 'CDK16(S184)', 'CDK16(S193)', 'CDK16(S227)', 'CDK16(S95)', 'CDK16(S101)', 'CDK16(S169)', 'CDK16(S138)', 'CDK16(S144)', 'CDK16(S212)']"
Q7Z2Y5,NRK,1,['NRK(S855)']
Q04771,ACVR1,0,[]
C0HM02,PRKCH,0,[]
Q00537,CDK17,8,"['CDK17(S146)', 'CDK17(S9)', 'CDK17(S180)', 'CDK17(S137)', 'CDK17(S165)', 'CDK17(S75)', 'CDK17(Y203)', 'CDK17(S122)']"
Q96L34,MARK4,4,"['MARK4(T214)', 'MARK4(S23)', 'MARK4(S26)', 'MARK4(S218)']"
P21709,EPHA1,2,"['EPHA1(S906)', 'EPHA1(S910)']"
P35590,TIE1,1,['TIE1(Y1117)']
Q9NR20,DYRK4,1,['DYRK4(Y264)']
P57058,HUNK,0,[]
Q15303,ERBB4,10,"['ERBB4(Y1056)', 'ERBB4(Y1162)', 'ERBB4(Y1284)', 'ERBB4(Y1188)', 'ERBB4(S1051)', 'ERBB4(T699)', 'ERBB4(Y1242)', 'ERBB4(Y1035)', 'ERBB4(Y1128)', 'ERBB4(T1152)']"
Q9UK32,RPS6KA6,5,"['RPS6KA6(S232)', 'RPS6KA6(S372)', 'RPS6KA6(S389)', 'RPS6KA6(T581)', 'RPS6KA6(T236)']"
P29376,LTK,0,[]
Q9NSY1,BMP2K,3,"['BMP2K(S1107)', 'BMP2K(S14)', 'BMP2K(S979)']"
Q9H2G2,SLK,5,"['SLK(S348)', 'SLK(S347)', 'SLK(S189)', 'SLK(T183)', 'SLK(S571)']"
O14976,GAK,2,"['GAK(Y1149)', 'GAK(Y412)']"
Q9BYT3,STK33,3,"['STK33(T382)', 'STK33(S470)', 'STK33(S77)']"
Q38SD2,LRRK1,3,"['LRRK1(Y971)', 'LRRK1(T1427)', 'LRRK1(S1817)']"
Q8WTQ7,GRK7,2,"['GRK7(S36)', 'GRK7(S23)']"
Q16513,PKN2,9,"['PKN2(T816)', 'PKN2(T951)', 'PKN2(D117)', 'PKN2(D700)', 'PKN2(S535)', 'PKN2(T958)', 'PKN2(S583)', 'PKN2(T124)', 'PKN2(S497)']"
O43283,MAP3K13,0,[]
P37023,ACVRL1,0,[]
Q96QP1,ALPK1,0,[]
O14936,CASK,4,"['CASK(S151)', 'CASK(S155)', 'CASK(S395)', 'CASK(S51)']"
Q6P3R8,NEK5,0,[]
Q92772,CDKL2,0,[]
Q06418,TYRO3,0,[]
O60307,MAST3,3,"['MAST3(S1203)', 'MAST3(S747)', 'MAST3(T1181)']"
Q9Y2U5,MAP3K2,9,"['MAP3K2(S520)', 'MAP3K2(S153)', 'MAP3K2(S164)', 'MAP3K2(S239)', 'MAP3K2(S331)', 'MAP3K2(S344)', 'MAP3K2(S514)', 'MAP3K2(T337)', 'MAP3K2(Y240)']"
P49761,CLK3,4,"['CLK3(S9)', 'CLK3(S157)', 'CLK3(S199)', 'CLK3(S283)']"
O95819,MAP4K4,9,"['MAP4K4(S631)', 'MAP4K4(S805)', 'MAP4K4(S795)', 'MAP4K4(S629)', 'MAP4K4(S639)', 'MAP4K4(S656)', 'MAP4K4(S842)', 'MAP4K4(S868)', 'MAP4K4(S900)']"
O75460,ERN1,3,"['ERN1(Y628)', 'ERN1(S724)', 'ERN1(S729)']"
Q9H3Y6,SRMS,1,['SRMS(Y380)']
Q96Q40,CDK15,0,[]
Q8IV63,VRK3,4,"['VRK3(S108)', 'VRK3(S136)', 'VRK3(S83)', 'VRK3(T58)']"
Q14004,CDK13,23,"['CDK13(S437)', 'CDK13(S317)', 'CDK13(S367)', 'CDK13(S383)', 'CDK13(S340)', 'CDK13(S342)', 'CDK13(T442)', 'CDK13(S1048)', 'CDK13(S315)', 'CDK13(S358)', 'CDK13(S360)', 'CDK13(S397)', 'CDK13(S400)', 'CDK13(S439)', 'CDK13(S490)', 'CDK13(S525)', 'CDK13(T1056)', 'CDK13(T1058)', 'CDK13(T1147)', 'CDK13(T1246)', 'CDK13(T492)', 'CDK13(T871)', 'CDK13(T1226)']"
Q9Y6M4,CSNK1G3,1,['CSNK1G3(S32)']
Q6P3W7,SCYL2,0,[]
Q59H18,TNNI3K,0,[]
O15075,DCLK1,10,"['DCLK1(S307)', 'DCLK1(S738)', 'DCLK1(S305)', 'DCLK1(S352)', 'DCLK1(S332)', 'DCLK1(S337)', 'DCLK1(S364)', 'DCLK1(T336)', 'DCLK1(S313)', 'DCLK1(S726)']"
Q9NSY0,NRBP2,0,[]
Q16832,DDR2,5,"['DDR2(Y736)', 'DDR2(Y740)', 'DDR2(Y741)', 'DDR2(Y471)', 'DDR2(S630)']"
Q8IZE3,SCYL3,1,['SCYL3(S707)']
Q14296,FASTK,0,[]
Q6P0Q8,MAST2,15,"['MAST2(S1032)', 'MAST2(S1240)', 'MAST2(S1254)', 'MAST2(S1256)', 'MAST2(S1364)', 'MAST2(S1381)', 'MAST2(S1429)', 'MAST2(S148)', 'MAST2(S209)', 'MAST2(S74)', 'MAST2(S876)', 'MAST2(S900)', 'MAST2(S92)', 'MAST2(S1504)', 'MAST2(T1508)']"
P51957,NEK4,3,"['NEK4(S563)', 'NEK4(S639)', 'NEK4(S661)']"
Q8IVW4,CDKL3,0,[]
O43930,PRKY,0,[]
P20594,NPR2,3,"['NPR2(S526)', 'NPR2(S518)', 'NPR2(T516)']"
Q96KG9,SCYL1,1,['SCYL1(T469)']
Q96RU7,TRIB3,0,[]
Q16288,NTRK3,2,"['NTRK3(Y709)', 'NTRK3(Y710)']"
Q13873,BMPR2,1,['BMPR2(S863)']
Q9Y2H9,MAST1,1,['MAST1(S966)']
Q92519,TRIB2,1,['TRIB2(S83)']
Q9UHY1,NRBP1,2,"['NRBP1(S422)', 'NRBP1(T433)']"
Q8N2I9,STK40,0,[]
Q9NRP7,STK36,0,[]
Q7Z7A4,PXK,0,[]
Q8TF76,HASPIN,6,"['HASPIN(S93)', 'HASPIN(S143)', 'HASPIN(S108)', 'HASPIN(S4)', 'HASPIN(T128)', 'HASPIN(S147)']"
Q9BRS2,RIOK1,3,"['RIOK1(T410)', 'RIOK1(S21)', 'RIOK1(S22)']"
Q6VAB6,KSR2,3,"['KSR2(S313)', 'KSR2(S198)', 'KSR2(T290)']"
Q99570,PIK3R4,0,[]
Q9NRH2,SNRK,3,"['SNRK(T173)', 'SNRK(S569)', 'SNRK(S518)']"
Q15109,AGER,1,['AGER(S391)']
Q9UQ07,MOK,2,"['MOK(S298)', 'MOK(T291)']"
Q56UN5,MAP3K19,0,[]
Q9Y616,IRAK3,0,[]
O94768,STK17B,6,"['STK17B(S351)', 'STK17B(S12)', 'STK17B(S10)', 'STK17B(S328)', 'STK17B(S348)', 'STK17B(T333)']"
Q6SA08,TSSK4,1,['TSSK4(T197)']
Q6DT37,CDC42BPG,5,"['CDC42BPG(S1482)', 'CDC42BPG(S1519)', 'CDC42BPG(S1524)', 'CDC42BPG(S1535)', 'CDC42BPG(T1511)']"
P54760,EPHB4,2,"['EPHB4(S502)', 'EPHB4(T210)']"
P08922,ROS1,4,"['ROS1(Y2115)', 'ROS1(Y2114)', 'ROS1(Y2110)', 'ROS1(Y2274)']"
P21860,ERBB3,10,"['ERBB3(S1123)', 'ERBB3(T873)', 'ERBB3(Y1289)', 'ERBB3(Y1276)', 'ERBB3(Y1199)', 'ERBB3(Y1262)', 'ERBB3(Y1328)', 'ERBB3(S686)', 'ERBB3(Y1307)', 'ERBB3(S982)']"
P25092,GUCY2C,1,['GUCY2C(S1052)']
Q13308,PTK7,0,[]
Q6ZN16,MAP3K15,0,[]
Q13263,TRIM28,38,"['TRIM28(S824)', 'TRIM28(S473)', 'TRIM28(Y517)', 'TRIM28(Y449)', 'TRIM28(Y458)', 'TRIM28(S9)', 'TRIM28(S14)', 'TRIM28(S17)', 'TRIM28(S49)', 'TRIM28(S50)', 'TRIM28(S501)', 'TRIM28(T541)', 'TRIM28(S598)', 'TRIM28(S689)', 'TRIM28(S437)', 'TRIM28(S19)', 'TRIM28(S26)', 'TRIM28(T611)', 'TRIM28(T620)', 'TRIM28(S594)', 'TRIM28(S697)', 'TRIM28(S752)', 'TRIM28(S757)', 'TRIM28(S471)', 'TRIM28(T599)', 'TRIM28(S612)', 'TRIM28(S683)', 'TRIM28(S45)', 'TRIM28(S439)', 'TRIM28(S596)', 'TRIM28(S600)', 'TRIM28(S489)', 'TRIM28(Y755)', 'TRIM28(S103)', 'TRIM28(S4)', 'TRIM28(S440)', 'TRIM28(S784)', 'TRIM28(T418)']"
Q96Q04,LMTK3,0,[]
Q9H792,PEAK1,8,"['PEAK1(Y635)', 'PEAK1(Y462)', 'PEAK1(S1036)', 'PEAK1(S1217)', 'PEAK1(S281)', 'PEAK1(S370)', 'PEAK1(S823)', 'PEAK1(S854)']"
P57078,RIPK4,1,['RIPK4(T184)']
Q7RTN6,STRADA,6,"['STRADA(T329)', 'STRADA(T419)', 'STRADA(T292)', 'STRADA(T382)', 'STRADA(T271)', 'STRADA(T361)']"
Q01973,ROR1,2,"['ROR1(S106)', 'ROR1(S776)']"
O60566,BUB1B,11,"['BUB1B(S676)', 'BUB1B(T792)', 'BUB1B(T1008)', 'BUB1B(T680)', 'BUB1B(S670)', 'BUB1B(T620)', 'BUB1B(K250)', 'BUB1B(S1043)', 'BUB1B(S543)', 'BUB1B(S435)', 'BUB1B(T608)']"
Q9UJY1,HSPB8,6,"['HSPB8(T87)', 'HSPB8(S27)', 'HSPB8(S24)', 'HSPB8(T63)', 'HSPB8(S14)', 'HSPB8(S57)']"
Q01974,ROR2,2,"['ROR2(S864)', 'ROR2(S449)']"
Q8NB16,MLKL,4,"['MLKL(S358)', 'MLKL(T357)', 'MLKL(S360)', 'MLKL(Y376)']"
O60229,KALRN,1,['KALRN(S487)']
Q9BVS4,RIOK2,7,"['RIOK2(S335)', 'RIOK2(S380)', 'RIOK2(S548)', 'RIOK2(S483)', 'RIOK2(S337)', 'RIOK2(S442)', 'RIOK2(Y445)']"
O75962,TRIO,5,"['TRIO(Y2796)', 'TRIO(T1486)', 'TRIO(S1724)', 'TRIO(S2455)', 'TRIO(S2459)']"
O15164,TRIM24,12,"['TRIM24(K689)', 'TRIM24(K707)', 'TRIM24(S768)', 'TRIM24(S1019)', 'TRIM24(S1025)', 'TRIM24(S1028)', 'TRIM24(S654)', 'TRIM24(S663)', 'TRIM24(S664)', 'TRIM24(S687)', 'TRIM24(S744)', 'TRIM24(S811)']"
Q13470,TNK1,3,"['TNK1(S502)', 'TNK1(S519)', 'TNK1(Y661)']"
P16066,NPR1,4,"['NPR1(S529)', 'NPR1(S538)', 'NPR1(S534)', 'NPR1(T532)']"
Q8IWB6,TEX14,4,"['TEX14(T727)', 'TEX14(T728)', 'TEX14(T618)', 'TEX14(S437)']"
Q9UPN9,TRIM33,10,"['TRIM33(Y1048)', 'TRIM33(Y524)', 'TRIM33(Y610)', 'TRIM33(S1119)', 'TRIM33(S622)', 'TRIM33(S644)', 'TRIM33(S862)', 'TRIM33(T643)', 'TRIM33(S1105)', 'TRIM33(T1102)']"
Q8NCB2,CAMKV,2,"['CAMKV(T345)', 'CAMKV(T435)']"
P25440,BRD2,3,"['BRD2(S298)', 'BRD2(S301)', 'BRD2(S633)']"
Q15059,BRD3,4,"['BRD3(S263)', 'BRD3(S563)', 'BRD3(S560)', 'BRD3(T252)']"
Q6ZMQ8,AATK,2,"['AATK(Y73)', 'AATK(Y93)']"
P34925,RYK,1,['RYK(S323)']
O43187,IRAK2,0,[]
Q16671,AMHR2,0,[]
P54756,EPHA5,0,[]
Q9UF33,EPHA6,0,[]
Q15375,EPHA7,0,[]
O15197,EPHB6,0,[]
P27037,ACVR2A,0,[]
Q5VST9,OBSCN,1,['OBSCN(S3138)']
Q58F21,BRDT,0,[]
Q8NER5,ACVR1C,0,[]
Q02846,GUCY2D,0,[]
O15146,MUSK,0,[]
Q8IZX4,TAF1L,0,[]
Q9C0K7,STRADB,0,[]
Q8NI60,COQ8A,0,[]
Q96PF2,TSSK2,0,[]
Q8TDR2,STK35,0,[]
Q96RU8,TRIB1,0,[]
P11801,PSKH1,0,[]
Q05823,RNASEL,0,[]
P51841,GUCY2F,0,[]
Q96S38,RPS6KC1,6,"['RPS6KC1(S282)', 'RPS6KC1(S423)', 'RPS6KC1(S427)', 'RPS6KC1(S596)', 'RPS6KC1(S661)', 'RPS6KC1(S664)']"
Q9UPE1,SRPK3,0,[]
Q00532,CDKL1,0,[]
Q86TW2,ADCK1,0,[]
P14616,INSRR,1,['INSRR(S72)']
Q96C45,ULK4,0,[]
Q96D53,COQ8B,0,[]
Q8NFD2,ANKK1,0,[]
Q8N568,DCLK2,0,[]
Q9C098,DCLK3,0,[]
Q8WXR4,MYO3B,0,[]
Q6XUX3,DSTYK,0,[]
Q52WX2,SBK1,0,[]
Q8WU08,STK32A,0,[]
Q9NY57,STK32B,0,[]
Q86UX6,STK32C,1,['STK32C(S18)']
Q6ZWH5,NEK10,0,[]
Q5JZY3,EPHA10,0,[]
Q76MJ5,ERN2,0,[]
Q7Z695,ADCK2,0,[]
Q86TB3,ALPK2,0,[]
Q96L96,ALPK3,3,"['ALPK3(S1235)', 'ALPK3(S1855)', 'ALPK3(S430)']"
Q96QS6,PSKH2,0,[]
Q9BXA6,TSSK6,0,[]
Q9BXU1,STK31,0,[]
Q9Y6S9,RPS6KL1,0,[]
Q5MAI5,CDKL4,0,[]
Q8NE28,STKLD1,0,[]
