Kinase,GeneName,Model,Actual,Predicted
O00418,EEF2K,MLP,1.0522191494185509,-0.0294366831576886
O00418,EEF2K,MLP,-1.1984114833526467,0.0893197900077375
O00418,EEF2K,MLP,-5.056908079202108,-0.7397624286513349
O00418,EEF2K,MLP,0.538400656931822,0.3698612517817035
O00418,EEF2K,MLP,-0.5080575351289118,0.0618109583237614
O00418,EEF2K,MLP,0.0018892251417597,-0.9567573611517312
O00418,EEF2K,MLP,-0.1740981980950114,0.0841052817852689
O00418,EEF2K,MLP,1.0541638727010865,0.3446062696318487
O00418,EEF2K,MLP,-0.0122505305679457,0.1284580371029223
O00418,EEF2K,MLP,0.5389144030076525,-0.3921280914908305
O00418,EEF2K,MLP,0.6105504803803847,0.1003961943259289
O00418,EEF2K,MLP,-0.3967359190651978,-0.7451979386330709
O00418,EEF2K,MLP,-0.0335451891069372,0.0991991112106449
O00418,EEF2K,MLP,-0.4474018422784631,-0.8818362534398776
O00418,EEF2K,MLP,1.7020214085796588,-0.0981206494241168
O00418,EEF2K,MLP,0.6166358931166641,0.2025376823268858
O00418,EEF2K,MLP,0.2156816003302183,0.3281348762362862
O00418,EEF2K,MLP,0.0285707407052111,0.2203636900445829
O00418,EEF2K,MLP,-0.6735196594015609,-0.6983095009782847
O14578,CIT,Lasso,0.0426661271329427,-0.1459909820074538
O14578,CIT,Lasso,0.0357224450917224,0.107734650083146
O14578,CIT,Lasso,-0.3915432579162718,-0.1089227446511967
O14578,CIT,Lasso,1.3335533382357805,1.5442531167688096
O14578,CIT,Lasso,0.4955956431306847,0.4258381205474558
O14578,CIT,Lasso,0.0345433451472784,0.0723873566972093
O14578,CIT,Lasso,1.1870823510701285,1.9989520191153796
O14578,CIT,Lasso,-0.7584489971085089,-0.3748535253349198
O14578,CIT,Lasso,-0.6752044503252572,-0.3908621094589954
O14578,CIT,Lasso,0.7290860700560872,0.7141513691335516
O14578,CIT,Lasso,-1.33949367573124,0.2294214715408699
O14578,CIT,Lasso,0.1665083966153704,-0.4054262330416407
O14578,CIT,Lasso,-0.8765662941303911,-0.1889172759580795
O14578,CIT,Lasso,0.9214382015429856,0.0755133474685505
O14578,CIT,Lasso,0.9504343820563484,-0.15494531433315
O14578,CIT,Lasso,-0.3248845756601617,-0.8837523598386325
O14578,CIT,Lasso,-0.6597593944377836,-0.3823673558919948
O14578,CIT,Lasso,0.2614683087161651,0.8682337749202534
O14578,CIT,Lasso,-0.0268522497900737,-0.2201954308932922
O15075,DCLK1,Lasso,0.0741692254008313,0.092324734026785
O15075,DCLK1,Lasso,-0.2746317197624324,0.0065459054365445
O15075,DCLK1,Lasso,0.176282507242889,0.0907495811880218
O15075,DCLK1,Lasso,0.7352554500228031,0.1241675975114694
O15075,DCLK1,Lasso,0.4592638359905539,0.0821068703665195
O15075,DCLK1,Lasso,-0.151628430210133,0.0742974194563566
O15075,DCLK1,Lasso,1.1101270197645974,0.0630094460389935
O15075,DCLK1,Lasso,-0.0062964577772805,0.0091182849847503
O15075,DCLK1,Lasso,-0.4615596149897916,0.0858650342572597
O15075,DCLK1,Lasso,1.0523434335292212,0.0984443363530719
O15075,DCLK1,Lasso,0.7314188038795875,0.0690420616303784
O15075,DCLK1,Lasso,-0.0580911046599068,0.1372501547152047
O15075,DCLK1,Lasso,0.2230631166008298,0.0633401138554116
O15075,DCLK1,Lasso,-0.303055895696038,0.0910184785961471
O15075,DCLK1,Lasso,-0.597881306623954,0.1323896686878264
O15075,DCLK1,Lasso,0.048582762130061,0.0667367941213768
O15075,DCLK1,Lasso,0.0998459337308715,0.0192135141577012
O15075,DCLK1,Lasso,0.3157522230417781,0.1437254820604849
O15075,DCLK1,Lasso,0.0018981778725961,0.2084352092562769
O43318,MAP3K7,SVR,-1.337658645050928,-0.3570873613390152
O43318,MAP3K7,SVR,1.258415406029843,0.0304256534033506
O43318,MAP3K7,SVR,0.6170291883773363,-0.1851441124320329
O43318,MAP3K7,SVR,-0.0879697968895693,0.1155734430477968
O43318,MAP3K7,SVR,-0.6975492287985455,0.089283331161022
O43318,MAP3K7,SVR,1.4807284187638508,0.1212681433776597
O43318,MAP3K7,SVR,-0.2270221499418416,-0.0648004795013467
O43318,MAP3K7,SVR,0.4319343089840916,0.0406442570581829
O43318,MAP3K7,SVR,-0.5157585876267177,0.0176534616035128
O43318,MAP3K7,SVR,0.0218888359830638,0.0938141500203032
O43318,MAP3K7,SVR,-0.9198270732395034,-0.1570727568630362
O43318,MAP3K7,SVR,-0.9346753537910294,-0.0041599886484731
O43318,MAP3K7,SVR,-0.7308220788394358,0.0782829579513424
O43318,MAP3K7,SVR,1.1530533529980005,0.0434426858233421
O43318,MAP3K7,SVR,0.7353490745344927,-0.1406279397551215
O43318,MAP3K7,SVR,-0.4374727961240907,-0.059708567848407
O43318,MAP3K7,SVR,0.3726551695728402,0.1106024687492368
O43318,MAP3K7,SVR,-1.0109649318240832,-0.1673943224461364
O43318,MAP3K7,SVR,-0.1365788563718547,-0.0105963400070082
O43353,RIPK2,MLP,0.9092500661947632,0.0778496147408815
O43353,RIPK2,MLP,-0.1565972061624259,-0.090541979873113
O43353,RIPK2,MLP,1.848022533863299,0.6891123855106567
O43353,RIPK2,MLP,-0.1967350037392531,-0.2006973204943878
O43353,RIPK2,MLP,0.0419113384361232,-0.2559712292054606
O43353,RIPK2,MLP,0.1751163033997542,-0.2222507335811918
O43353,RIPK2,MLP,-0.1360973680910961,-0.3584932449420115
O43353,RIPK2,MLP,0.1323073914921641,0.2335404934723555
O43353,RIPK2,MLP,1.355847295331989,0.9566017722787444
O43353,RIPK2,MLP,-1.136456731781924,-0.1932112254879905
O43353,RIPK2,MLP,-0.0169665527439147,-0.2714159560575853
O43353,RIPK2,MLP,0.8174443239191209,0.0143165366710656
O43353,RIPK2,MLP,0.4571574267234658,0.2677203638697527
O43353,RIPK2,MLP,-0.3665597516384941,-0.1615866796606215
O43353,RIPK2,MLP,1.5692120687657969,0.1790568907033716
O43353,RIPK2,MLP,-0.1010521229326991,0.8881769225573464
O43353,RIPK2,MLP,1.010155277188722,0.56945604410254
O43353,RIPK2,MLP,-1.2329430079245027,-0.1956188104299014
O43353,RIPK2,MLP,-0.1149881342817908,-0.2172722920875853
O43683,BUB1,MLP,-1.2185033364127025,-0.4067106641754733
O43683,BUB1,MLP,-1.0785320908297027,-0.4675782057381593
O43683,BUB1,MLP,-1.423983035985709,-1.0439687518518348
O43683,BUB1,MLP,-0.7332252777460114,-1.0439687518518348
O43683,BUB1,MLP,-1.290630155855956,-1.4149358657749953
O43683,BUB1,MLP,-2.096612769891862,-1.2919881715206922
O43683,BUB1,MLP,-0.858261266994838,-0.5272164283269615
O43683,BUB1,MLP,2.015599899185533,-0.8345558948018212
O43683,BUB1,MLP,-0.3113408370468315,-1.4318214987061604
O43683,BUB1,MLP,-1.5542998738542644,0.0377727409066788
O43683,BUB1,MLP,3.2640323713681445,0.2001970839998945
O43683,BUB1,MLP,-1.325469083586715,-1.0439687518518348
O43683,BUB1,MLP,0.5033014676121567,-0.8247841139760455
O43683,BUB1,MLP,-2.26543007363116,-1.029950402104097
O43683,BUB1,MLP,-1.651361172170902,-1.29701140162581
O43683,BUB1,MLP,0.9608303135174048,-1.2449056733931585
O43683,BUB1,MLP,1.5809368600843527,-0.8986473132644793
O43683,BUB1,MLP,-1.7578057760528671,-0.5078732081905084
O43683,BUB1,MLP,-2.302178516450999,-1.3348692700704003
O60885,BRD4,PLS,0.8089384026830287,0.6770666559054092
O60885,BRD4,PLS,0.768913409151204,-0.04109386259734
O60885,BRD4,PLS,-0.267820194416856,0.3159476102617921
O60885,BRD4,PLS,-0.0115042990212314,0.1591426979777154
O60885,BRD4,PLS,0.0234271267630109,0.1427601121155356
O60885,BRD4,PLS,-0.0659842650470679,0.0760835971727821
O60885,BRD4,PLS,-0.3678819631019751,0.4005383606042531
O60885,BRD4,PLS,1.2025397226575614,0.6951693729888327
O60885,BRD4,PLS,1.0613642937946244,0.469604667756365
O60885,BRD4,PLS,-0.2264049606934455,0.0009529724423142
O60885,BRD4,PLS,0.2287353895821515,0.7691945248954284
O60885,BRD4,PLS,-1.1623816609263529,-0.0116715566496236
O60885,BRD4,PLS,0.4826907705502332,0.2928197742426644
O60885,BRD4,PLS,0.0617967301346486,-0.4572575906360349
O60885,BRD4,PLS,1.088382747534459,0.5312175459555569
O60885,BRD4,PLS,1.2548838159854998,0.5130980622280478
O60885,BRD4,PLS,0.5644767169552534,0.1624355926140905
O60885,BRD4,PLS,-0.6463678283138243,0.2799763038293468
O60885,BRD4,PLS,0.4153156550871595,0.0594735437384696
O75385,ULK1,Lasso,0.0682806074640931,-0.1128405857374978
O75385,ULK1,Lasso,0.0007238777495583,-0.1916605490303209
O75385,ULK1,Lasso,-0.118525489395746,-0.1025066887194564
O75385,ULK1,Lasso,-0.551538189606844,-0.0415301179195499
O75385,ULK1,Lasso,-0.177381289229222,-0.2269697697005983
O75385,ULK1,Lasso,-0.1050730246349621,-0.0643565633391944
O75385,ULK1,Lasso,-0.9204231340000016,-0.1497686568806602
O75385,ULK1,Lasso,0.0811024468313895,-0.0272975084466977
O75385,ULK1,Lasso,-0.0602045559825024,-0.0447599198607138
O75385,ULK1,Lasso,-0.8085846095816304,-0.2432259907642021
O75385,ULK1,Lasso,-0.3197788233595852,-0.0977449037705295
O75385,ULK1,Lasso,-0.0603344158185571,0.0033953096350003
O75385,ULK1,Lasso,-0.0939760007784611,-0.0988241382007519
O75385,ULK1,Lasso,-0.3375446819223615,-0.4429383805226508
O75385,ULK1,Lasso,0.2552895122448545,-0.0349772848920854
O75385,ULK1,Lasso,0.140273792419391,-0.1836941031886967
O75385,ULK1,Lasso,-0.078849678537309,-0.0751886055700836
O75385,ULK1,Lasso,-0.691960181333449,-0.3180343081911995
O75385,ULK1,Lasso,0.487470747873014,-0.1707451016403539
O75676,RPS6KA4,SVR,-0.6749932666576581,0.0243195781969371
O75676,RPS6KA4,SVR,0.0187247651831333,0.0369688544318558
O75676,RPS6KA4,SVR,-1.021300532827209,-0.7052581142881555
O75676,RPS6KA4,SVR,0.9204155088634568,-0.1374439985087344
O75676,RPS6KA4,SVR,0.5420351797393478,-0.0578347185910576
O75676,RPS6KA4,SVR,-0.6612786003945471,-0.073102231279801
O75676,RPS6KA4,SVR,-0.0916459972026281,0.1553317758310024
O75676,RPS6KA4,SVR,-1.0532407474004406,0.6976627022934867
O75676,RPS6KA4,SVR,1.0614112015864088,0.5334063063942183
O75676,RPS6KA4,SVR,-0.4658797632613559,-0.1732333134839803
O75676,RPS6KA4,SVR,-0.1673824447372163,0.2227326627331893
O75676,RPS6KA4,SVR,0.5561528450335796,-0.5205333141503468
O75676,RPS6KA4,SVR,0.1715753293589585,0.2195070986888743
O75676,RPS6KA4,SVR,-0.1145573018804275,0.0691001631978371
O75676,RPS6KA4,SVR,0.6241989975792753,-0.2185599748168798
O75676,RPS6KA4,SVR,0.4402208502865481,0.1972223601768341
O75676,RPS6KA4,SVR,0.5064420764370726,0.1663198072310741
O75676,RPS6KA4,SVR,0.4121750865230112,-0.7269516615131082
O75676,RPS6KA4,SVR,-0.001384524893065,-0.2214680952974306
O76039,CDKL5,XGBoost,-0.4560142875910944,-0.0945041701197624
O76039,CDKL5,XGBoost,0.9186110933176382,0.7507803440093994
O76039,CDKL5,XGBoost,0.5317679389676548,1.2268730401992798
O76039,CDKL5,XGBoost,0.591213760168429,0.0798540487885475
O76039,CDKL5,XGBoost,-1.1822660469314488,-0.0885888114571571
O76039,CDKL5,XGBoost,1.0248462662844915,0.653353214263916
O76039,CDKL5,XGBoost,0.5521467867408117,0.4475809633731842
O76039,CDKL5,XGBoost,-2.7372936824149816,-0.0610463917255401
O76039,CDKL5,XGBoost,0.9129270763421106,0.2982805371284485
O76039,CDKL5,XGBoost,-0.0038501943836553,0.5164504647254944
O76039,CDKL5,XGBoost,-0.3427643184182262,0.3032171130180359
O76039,CDKL5,XGBoost,0.6629878197293269,1.682958722114563
O76039,CDKL5,XGBoost,2.275256548756899,0.3329523205757141
O76039,CDKL5,XGBoost,0.9893425855197872,0.6242725253105164
O76039,CDKL5,XGBoost,-0.0896559188971331,0.2031494230031967
O76039,CDKL5,XGBoost,-0.8053773250543637,0.2681691646575928
O76039,CDKL5,XGBoost,-0.5240470312747634,0.6799260377883911
O76039,CDKL5,XGBoost,1.0622069286261873,0.6908411979675293
O76039,CDKL5,XGBoost,0.5774444236844489,0.651091992855072
O94804,STK10,RandomForest,0.1039341901720497,0.2693357031548318
O94804,STK10,RandomForest,-0.206890669652866,0.3144127725101243
O94804,STK10,RandomForest,1.5989602480044598,0.2505477296170131
O94804,STK10,RandomForest,0.5381220251344245,0.3702422938045713
O94804,STK10,RandomForest,2.5766135684423874,0.9304233199631732
O94804,STK10,RandomForest,0.3269610924574461,0.7141918143531031
O94804,STK10,RandomForest,0.1537936165496853,0.1860113438202305
O94804,STK10,RandomForest,0.2085935280834117,0.1581467626993688
O94804,STK10,RandomForest,0.3160256365106475,0.1745508424213938
O94804,STK10,RandomForest,0.5383425949760164,0.4967299299205595
O94804,STK10,RandomForest,-0.4729422296961582,-0.1100836950952486
O94804,STK10,RandomForest,0.2304098845690068,-0.6986443572401615
O94804,STK10,RandomForest,0.4947136512869393,0.5130382834063727
O94804,STK10,RandomForest,-0.18732220173852,0.3143195907885607
O94804,STK10,RandomForest,-1.1612223747214083,-0.0593711468289355
O94804,STK10,RandomForest,0.0358539407936181,-0.0727344421397803
O94804,STK10,RandomForest,0.2686443907718988,0.2249152795615318
O94804,STK10,RandomForest,0.2835996409093905,0.3655869233077119
O94804,STK10,RandomForest,0.9732954690933362,0.3735310626673646
O94806,PRKD3,MLP,0.7466654286096446,0.2732708877757856
O94806,PRKD3,MLP,1.4160718992270638,0.5253258764959949
O94806,PRKD3,MLP,0.7112842347333859,0.565589858955406
O94806,PRKD3,MLP,-0.2548877686338622,0.3203013479217881
O94806,PRKD3,MLP,-0.952758840064684,-0.0678349060872978
O94806,PRKD3,MLP,0.1181984539907445,0.2803914826332027
O94806,PRKD3,MLP,-0.2225446783903792,-0.1211820248222228
O94806,PRKD3,MLP,-0.0698358763452319,0.1443046184196262
O94806,PRKD3,MLP,1.9306270641034151,0.2612492522191975
O94806,PRKD3,MLP,-0.6869783834559576,0.488825193787438
O94806,PRKD3,MLP,1.6385950094700614,0.1443177056262021
O94806,PRKD3,MLP,0.4980560992776041,0.9734401906876828
O94806,PRKD3,MLP,-0.3913069314291886,0.0378546840863758
O94806,PRKD3,MLP,0.4372752309431973,0.2918896324921453
O94806,PRKD3,MLP,0.6684460680529737,-0.008645339650785
O94806,PRKD3,MLP,0.4857608921931924,0.1420107872474023
O94806,PRKD3,MLP,-1.3197847773224924,-0.1558010824079063
O94806,PRKD3,MLP,2.132451230636102,0.0243420445010903
O94806,PRKD3,MLP,-0.5845480899636438,0.1028471060938929
O94921,CDK14,SVR,0.9830185676882937,0.7904807784132577
O94921,CDK14,SVR,0.8451177419392072,0.8725162124229755
O94921,CDK14,SVR,0.6754518463663595,-0.0593866183086964
O94921,CDK14,SVR,0.535928511107707,0.4704490415015716
O94921,CDK14,SVR,-0.3350892623555615,-0.0942546608722081
O94921,CDK14,SVR,1.103330828187108,0.4792041718146219
O94921,CDK14,SVR,1.2479740484237436,1.224744324609256
O94921,CDK14,SVR,0.6947701968391249,0.2362495840136868
O94921,CDK14,SVR,-0.5447384162565088,0.385653231366014
O94921,CDK14,SVR,0.4424947691549451,0.383269341851876
O94921,CDK14,SVR,1.4668587746102704,0.8985298452775023
O94921,CDK14,SVR,0.2106480323585358,0.2790643695784738
O94921,CDK14,SVR,0.5371999914063431,-0.03433884709033
O94921,CDK14,SVR,0.4373839248074948,0.7644956889183272
O94921,CDK14,SVR,-0.1627869611329054,0.4681619432925687
O94921,CDK14,SVR,0.8649591355652883,0.7582640249186823
O94921,CDK14,SVR,-0.0717451563011962,0.4508243525268604
O94921,CDK14,SVR,0.4127069981062496,0.6411076740649053
O94921,CDK14,SVR,0.4723108697475168,0.0960841484726251
O95819,MAP4K4,Lasso,0.7543659496438294,0.2833850566953171
O95819,MAP4K4,Lasso,0.2158582486116914,0.2600569772482908
O95819,MAP4K4,Lasso,1.2256868271679824,0.420704086393712
O95819,MAP4K4,Lasso,0.6529588156264807,0.3613584512541441
O95819,MAP4K4,Lasso,2.126708223110631,0.480758663318677
O95819,MAP4K4,Lasso,0.0701304798421267,0.3288727579860079
O95819,MAP4K4,Lasso,0.2460605500618056,-0.1733563300388662
O95819,MAP4K4,Lasso,0.0827945893950421,0.2665524252153112
O95819,MAP4K4,Lasso,0.2001339631179241,-0.0297147878820835
O95819,MAP4K4,Lasso,0.6842500315092507,0.1816681681101649
O95819,MAP4K4,Lasso,-0.2680859557986012,-0.0046083377281428
O95819,MAP4K4,Lasso,0.1335914926908604,0.3180542347326766
O95819,MAP4K4,Lasso,0.4225420473402014,0.1650724199602411
O95819,MAP4K4,Lasso,-0.0141374820690248,0.2943026076041204
O95819,MAP4K4,Lasso,-0.9876193614742396,0.4116146403212382
O95819,MAP4K4,Lasso,0.3175190151512636,-0.1227932530496943
O95819,MAP4K4,Lasso,0.1029474011493847,0.1739274983302095
O95819,MAP4K4,Lasso,0.0464429747633035,0.0994961946800701
O95819,MAP4K4,Lasso,0.9463208853396016,-0.0739365867943611
O95835,LATS1,ElasticNet,0.9046526299563332,-0.414132375724948
O95835,LATS1,ElasticNet,-0.8325382450840588,-0.6873017390041298
O95835,LATS1,ElasticNet,-0.9548483901770946,-0.4644210068401223
O95835,LATS1,ElasticNet,-0.7362805782805123,-1.1015978572356937
O95835,LATS1,ElasticNet,-0.1637178754479607,-0.4243688072327103
O95835,LATS1,ElasticNet,0.7480092702749972,-0.3036012843713598
O95835,LATS1,ElasticNet,-0.9708824323493258,-0.5621822416166203
O95835,LATS1,ElasticNet,-0.5827692962517449,0.224935248374066
O95835,LATS1,ElasticNet,-0.711230767990501,-0.1536973482117206
O95835,LATS1,ElasticNet,-1.4225366159780284,-0.9246020889590734
O95835,LATS1,ElasticNet,-0.0696634923238945,-0.4553987965524882
O95835,LATS1,ElasticNet,-1.7207827759079222,-0.9491684878689204
O95835,LATS1,ElasticNet,0.1509182076273464,-0.50036373529971
O95835,LATS1,ElasticNet,-0.0005431439705355,-0.3014791910229052
O95835,LATS1,ElasticNet,1.1175363184924678,-0.1760080947920133
O95835,LATS1,ElasticNet,0.155374053366404,-0.4231808782093076
O95835,LATS1,ElasticNet,0.1499005029817756,-0.2528377884741591
O95835,LATS1,ElasticNet,0.4410554267992015,0.2142615404466492
O95835,LATS1,ElasticNet,0.2612039024718507,-1.1366121175387929
O96013,PAK4,MLP,-0.1847819883857827,-0.0888168821264589
O96013,PAK4,MLP,-0.4990769417044176,0.5292717279059453
O96013,PAK4,MLP,-0.7575623853536544,-0.8598118035703245
O96013,PAK4,MLP,0.2111965663876202,-0.2581015092771151
O96013,PAK4,MLP,-0.0171897043394442,-0.3352683613423324
O96013,PAK4,MLP,1.0485513707770928,1.5370943154904255
O96013,PAK4,MLP,0.6131963058798173,-0.5213320748603445
O96013,PAK4,MLP,-2.999240108389204,-1.9277711017245216
O96013,PAK4,MLP,-0.6754411661277431,-0.799339615504163
O96013,PAK4,MLP,-0.077206139453859,0.0990746424962526
O96013,PAK4,MLP,-1.3267743782666452,-1.4675363005052302
O96013,PAK4,MLP,-2.18362245178906,-1.7530476051097237
O96013,PAK4,MLP,-2.050379865295715,-0.7766344940087053
O96013,PAK4,MLP,0.3421192018962525,0.3573836987710355
O96013,PAK4,MLP,-1.173640701471134,-0.3894462270210912
O96013,PAK4,MLP,-0.7171992607629748,-0.6138381390679125
O96013,PAK4,MLP,-1.4517846883815475,-0.7610700101127239
O96013,PAK4,MLP,0.7178212348475183,0.377558808348474
O96013,PAK4,MLP,0.3992341671743509,0.2852760591672948
P00519,ABL1,PLS,0.7537450591326138,0.3206246306776142
P00519,ABL1,PLS,1.913160803442733,0.5793166639577076
P00519,ABL1,PLS,-0.2044127158286567,0.303258005414405
P00519,ABL1,PLS,0.0830759655546121,-0.184307612105226
P00519,ABL1,PLS,0.040057671202706,0.0156451062174884
P00519,ABL1,PLS,0.7729163163015969,0.4214976129605731
P00519,ABL1,PLS,-0.669539405278555,0.058374706772187
P00519,ABL1,PLS,0.2860451418622697,0.3412803935243783
P00519,ABL1,PLS,-1.3165610803693848,-0.1845949587333475
P00519,ABL1,PLS,-0.3564997597636299,0.0544810318715949
P00519,ABL1,PLS,0.0713929669941764,0.2736368969028764
P00519,ABL1,PLS,-0.1865239260816637,0.0079538980332326
P00519,ABL1,PLS,-0.3192985255005829,0.1999535209662246
P00519,ABL1,PLS,0.5339277634642512,0.2602714396057424
P00519,ABL1,PLS,1.0992882651635068,0.0501263971297294
P00519,ABL1,PLS,0.961618622214686,0.1497660548469067
P00519,ABL1,PLS,-0.6500815185815569,0.005211728566303
P00519,ABL1,PLS,0.6804237536953901,0.5671244361329583
P00519,ABL1,PLS,0.614602512302414,0.0961986037884195
P04049,RAF1,Lasso,0.8035913900745023,0.0155581622134846
P04049,RAF1,Lasso,0.1935553624091763,-0.228896327974078
P04049,RAF1,Lasso,0.2186133669379349,0.0566269749875136
P04049,RAF1,Lasso,-1.7108749677627773,-1.8022319133434888
P04049,RAF1,Lasso,-0.2357325472812377,0.1420233631178592
P04049,RAF1,Lasso,-0.453889576098583,0.4301859569796271
P04049,RAF1,Lasso,1.681254658367694,-0.078381607560435
P04049,RAF1,Lasso,-1.183507798382444,0.3256802415130654
P04049,RAF1,Lasso,2.946858941604864,0.4269468460299653
P04049,RAF1,Lasso,-1.9638971858089944,-1.2290634580545323
P04049,RAF1,Lasso,1.5112379406996823,0.1117028565407271
P04049,RAF1,Lasso,1.6781169271218863,-0.6616331227129204
P04049,RAF1,Lasso,1.63296679844233,0.1399619476779921
P04049,RAF1,Lasso,-0.998082481422771,0.0057963854252903
P04049,RAF1,Lasso,0.4317379102747712,-0.0988498891512888
P04049,RAF1,Lasso,1.9597350295332936,0.895522017444863
P04049,RAF1,Lasso,2.205200716159325,-0.1667985279359085
P04049,RAF1,Lasso,0.9253029760171078,1.413813919808648
P04049,RAF1,Lasso,0.241814875980017,0.3449349141142765
P04626,ERBB2,Lasso,0.6480186784090355,-0.4356061405440846
P04626,ERBB2,Lasso,-2.039134989372729,-0.8000317460575564
P04626,ERBB2,Lasso,0.1649572521151135,0.3128469616344403
P04626,ERBB2,Lasso,-0.2957982835075392,-0.7499730303423388
P04626,ERBB2,Lasso,-1.110944357773974,-0.3124431822990421
P04626,ERBB2,Lasso,-1.119339634467387,-0.8982785369693621
P04626,ERBB2,Lasso,0.4471507621679208,0.0716878408061437
P04626,ERBB2,Lasso,-0.2464672172062423,-0.2863939532097886
P04626,ERBB2,Lasso,0.6296725825519423,-0.1898307445891221
P04626,ERBB2,Lasso,-0.4030746736905692,-0.2940275152506282
P04626,ERBB2,Lasso,0.7258027847850569,0.2493300907830332
P04626,ERBB2,Lasso,1.482083243535815,-0.6771830303784555
P04626,ERBB2,Lasso,0.0724610243951139,-0.1605716157676605
P04626,ERBB2,Lasso,-0.1271453328316007,-0.5781520698552645
P04626,ERBB2,Lasso,-1.6377281345920676,-0.1246865985289965
P04626,ERBB2,Lasso,0.2261337893858941,-0.2083323340179804
P04626,ERBB2,Lasso,0.1023682058917403,-0.3132236222631144
P04626,ERBB2,Lasso,-0.4591206961083168,-0.6986350127209731
P04626,ERBB2,Lasso,0.6726227586022417,-0.3779899101024979
P06493,CDK1,MLP,0.6041962463730414,0.470539541413844
P06493,CDK1,MLP,1.433370401286134,1.0342363478944292
P06493,CDK1,MLP,2.6146510466041724,0.8209730826658221
P06493,CDK1,MLP,-0.0078354939595914,1.0037646385159018
P06493,CDK1,MLP,-0.5656081112271728,0.2404636775945747
P06493,CDK1,MLP,1.1552086214439077,0.9952340828581836
P06493,CDK1,MLP,-0.5055132978210983,0.470539541413844
P06493,CDK1,MLP,-0.9990425657523444,0.470539541413844
P06493,CDK1,MLP,-0.0559346522358212,0.4063196085998454
P06493,CDK1,MLP,0.6634094747033571,1.5968343682619472
P06493,CDK1,MLP,-2.8590366420767044,-0.1749609897874766
P06493,CDK1,MLP,-0.1077826983611746,0.2075174980753076
P06493,CDK1,MLP,0.5188606453661314,0.2218575290979515
P06493,CDK1,MLP,0.6892844312247748,0.81082122619911
P06493,CDK1,MLP,0.5455567057462178,0.470539541413844
P06493,CDK1,MLP,-2.746597658063106,0.7876478534840714
P06493,CDK1,MLP,0.6740891979720901,-0.2727131883963095
P06493,CDK1,MLP,-2.4161774598663457,0.470539541413844
P06493,CDK1,MLP,1.0171302328361604,0.470539541413844
P10398,ARAF,RandomForest,0.4681749702315412,0.1150126532457366
P10398,ARAF,RandomForest,0.4924791708593823,0.1633250648024442
P10398,ARAF,RandomForest,0.1235297293281485,0.1448905037732338
P10398,ARAF,RandomForest,1.1907663759894307,0.1658465999329388
P10398,ARAF,RandomForest,0.4923481767913105,0.287107824420475
P10398,ARAF,RandomForest,-0.0793634075813962,0.1512858399717084
P10398,ARAF,RandomForest,1.0553575357961238,-0.022462054009963
P10398,ARAF,RandomForest,0.309102076085274,0.2726869428173027
P10398,ARAF,RandomForest,-0.2197251604169096,-0.0063061185244898
P10398,ARAF,RandomForest,-0.4533389918110636,-0.1546453738070886
P10398,ARAF,RandomForest,0.3857200247587743,0.6028150042644442
P10398,ARAF,RandomForest,1.033489291014328,0.2340047590067058
P10398,ARAF,RandomForest,0.686835394526697,0.3492183098847209
P10398,ARAF,RandomForest,-0.2386905859037225,-0.125785833275334
P10398,ARAF,RandomForest,0.4170790254949399,0.1082122109638163
P10398,ARAF,RandomForest,0.0080251584244182,0.3173959067746079
P10398,ARAF,RandomForest,-0.1501052318307213,-0.2358323064352388
P10398,ARAF,RandomForest,0.4560345540624894,0.3596588110868407
P10398,ARAF,RandomForest,-0.0430689620077617,0.4186078913963155
P11274,BCR,ElasticNet,-0.2615758195055649,-0.2801783558783871
P11274,BCR,ElasticNet,3.090138626828573,0.2840429123303137
P11274,BCR,ElasticNet,-0.4409783828009235,-1.0106892220289518
P11274,BCR,ElasticNet,-0.3203053754810874,-0.3244481921475227
P11274,BCR,ElasticNet,-0.60149922113981,-0.3492001543679641
P11274,BCR,ElasticNet,0.7934675408311994,0.5498633231137618
P11274,BCR,ElasticNet,0.1135491123097969,0.4726447456144707
P11274,BCR,ElasticNet,-0.4247681210423637,-0.0232916399934817
P11274,BCR,ElasticNet,-0.5339558501722287,-0.5244246362735814
P11274,BCR,ElasticNet,0.2949504833212162,-0.1531045474560041
P11274,BCR,ElasticNet,0.5088669671434579,0.2645928938260753
P11274,BCR,ElasticNet,-1.830996280839964,-0.7612089520589205
P11274,BCR,ElasticNet,-0.2876109617868275,-0.2758352788811923
P11274,BCR,ElasticNet,0.3891173430822602,0.6788556525370343
P11274,BCR,ElasticNet,-0.6729080075937796,-0.2496857391189946
P11274,BCR,ElasticNet,0.5533163775404196,-0.2420528824102567
P11274,BCR,ElasticNet,-0.6028181986578447,-0.2372477969634687
P11274,BCR,ElasticNet,-0.0656428068735557,0.331664202834161
P11274,BCR,ElasticNet,-0.9181206183996956,-0.6045397635904755
P15056,BRAF,RandomForest,1.731454959464675,0.8177880427072145
P15056,BRAF,RandomForest,0.2992280444501842,0.6355387307246239
P15056,BRAF,RandomForest,0.7070977894505847,-0.7447401055963679
P15056,BRAF,RandomForest,-0.8247918198759334,1.6912130208215417
P15056,BRAF,RandomForest,-0.7988395502611851,0.396972012521939
P15056,BRAF,RandomForest,-0.5014518294499107,0.5643098475043323
P15056,BRAF,RandomForest,2.5401973759221104,0.6495830943891459
P15056,BRAF,RandomForest,-1.5854860491422154,0.2713422764955184
P15056,BRAF,RandomForest,3.404241639618654,1.8434981045339625
P15056,BRAF,RandomForest,-1.911478388023119,0.5216895564506643
P15056,BRAF,RandomForest,1.8930877714817045,0.2605698941210275
P15056,BRAF,RandomForest,2.6843473703681155,-0.8825202203883191
P15056,BRAF,RandomForest,1.2360309430135352,0.0134018387088891
P15056,BRAF,RandomForest,-0.2262304088992969,-0.0897085065385475
P15056,BRAF,RandomForest,0.9878186372862368,0.1148206162589814
P15056,BRAF,RandomForest,2.532846267098405,-0.1962095218759517
P15056,BRAF,RandomForest,1.7113030026687477,-0.1110210470981574
P15056,BRAF,RandomForest,1.5239438421508142,0.0099190283866613
P15056,BRAF,RandomForest,-0.1334775031857005,0.1506100199288953
P23443,RPS6KB1,RandomForest,-2.411408316912876,-1.909007697874487
P23443,RPS6KB1,RandomForest,-0.7263074675405443,-0.5041429140883799
P23443,RPS6KB1,RandomForest,-0.7707148464616462,-0.6474806861342033
P23443,RPS6KB1,RandomForest,1.8392165781853267,0.5939472316492027
P23443,RPS6KB1,RandomForest,-0.0576371374326595,-1.195002366922396
P23443,RPS6KB1,RandomForest,-1.9134278064252737,-0.9414181304781404
P23443,RPS6KB1,RandomForest,0.8426361548391295,1.4204963151747745
P23443,RPS6KB1,RandomForest,-2.291392696865742,-0.8122017299723224
P23443,RPS6KB1,RandomForest,-0.4044359845571745,-1.9539154549387912
P23443,RPS6KB1,RandomForest,-0.5588694238732155,-0.1228938859133803
P23443,RPS6KB1,RandomForest,-0.6436789739880296,-1.6624731616571469
P23443,RPS6KB1,RandomForest,1.1128671026353814,-0.6017685721773417
P23443,RPS6KB1,RandomForest,-0.8598934255411398,-1.0903053577758768
P23443,RPS6KB1,RandomForest,1.0855074416735606,-0.876350338322219
P23443,RPS6KB1,RandomForest,-2.6556000155839903,-1.990366967516948
P23443,RPS6KB1,RandomForest,-1.442464870882198,-1.1617401089407835
P23443,RPS6KB1,RandomForest,-1.461293606494917,-1.1896382278874922
P23443,RPS6KB1,RandomForest,-0.7185822049345295,-1.376722075359531
P23443,RPS6KB1,RandomForest,-0.8613025079401075,-1.05202689512963
P27361,MAPK3,RandomForest,0.9490635964091,0.4227232983189957
P27361,MAPK3,RandomForest,3.4160160943669635,1.3076667032152374
P27361,MAPK3,RandomForest,1.3218076224005415,0.7632879778543792
P27361,MAPK3,RandomForest,-0.5570284280842791,1.2189677785234565
P27361,MAPK3,RandomForest,-0.274025342323316,0.6905519831292406
P27361,MAPK3,RandomForest,1.5023979284493936,0.875852211685658
P27361,MAPK3,RandomForest,-0.2586310924872481,1.7198956281483606
P27361,MAPK3,RandomForest,-1.6179900721082774,-0.5042733282061621
P27361,MAPK3,RandomForest,2.16912364613029,0.8536805269713672
P27361,MAPK3,RandomForest,-1.8047235532304784,0.0017955096874869
P27361,MAPK3,RandomForest,-0.5059673251835543,0.913508348435821
P27361,MAPK3,RandomForest,0.2290830101610312,-0.3084504024845156
P27361,MAPK3,RandomForest,0.8768028347604642,0.9869142148833792
P27361,MAPK3,RandomForest,1.677184107914814,0.8500587459814181
P27361,MAPK3,RandomForest,0.1142592803280008,0.6849326747781069
P27361,MAPK3,RandomForest,-1.6473318368056709,0.8098811136902292
P27361,MAPK3,RandomForest,0.9880865674980502,0.0649210136839952
P27361,MAPK3,RandomForest,0.2922962401610982,0.414616085366509
P27361,MAPK3,RandomForest,0.3859671645607857,0.4869908709268636
P27448,MARK3,Lasso,0.1299711166799146,0.7924639480300869
P27448,MARK3,Lasso,1.6701316832133832,0.278399346854739
P27448,MARK3,Lasso,-0.344752328989028,0.7333284240521534
P27448,MARK3,Lasso,-0.7628841682329347,0.1496250503211946
P27448,MARK3,Lasso,0.233403666567178,0.8333377998511031
P27448,MARK3,Lasso,0.6284920852162045,0.3316251716132041
P27448,MARK3,Lasso,-1.1486539191292278,-0.5485618896904261
P27448,MARK3,Lasso,0.645093670240022,1.0634224956671974
P27448,MARK3,Lasso,0.8980112163471535,0.7202834297987188
P27448,MARK3,Lasso,-0.7477023566590927,-0.2166225553899619
P27448,MARK3,Lasso,0.4013694230139862,1.148233477139714
P27448,MARK3,Lasso,-0.3557564043361673,0.3422365842867304
P27448,MARK3,Lasso,1.6011740067158458,1.0862791115266863
P27448,MARK3,Lasso,2.907822320305595,0.8371032829618075
P27448,MARK3,Lasso,-0.6275082427799015,0.8986488312874528
P27448,MARK3,Lasso,1.3932690696111305,1.2044372834403585
P27448,MARK3,Lasso,0.9843064003339204,0.8441691398076143
P27448,MARK3,Lasso,0.4752646066156016,0.5954681371883145
P27448,MARK3,Lasso,1.7609553841445291,0.1223736545520487
P30291,WEE1,SVR,1.170586339551316,0.2537063291219066
P30291,WEE1,SVR,0.7435533008713711,-0.0864011821014283
P30291,WEE1,SVR,0.5741768090043033,0.3210131406962243
P30291,WEE1,SVR,-0.2956065321005293,0.1750662341720852
P30291,WEE1,SVR,0.4633276057196536,-0.2253244281552343
P30291,WEE1,SVR,-1.041358035590085,-0.0753006714581538
P30291,WEE1,SVR,0.8930345117641223,-0.4943182581794887
P30291,WEE1,SVR,0.0392709228272938,-0.360605735119491
P30291,WEE1,SVR,0.0007058818343897,-0.2427317672295331
P30291,WEE1,SVR,0.6786759652341896,-0.2771689464078228
P30291,WEE1,SVR,-1.3860960047708315,-0.6475241803997486
P30291,WEE1,SVR,0.5523921015914335,0.120092802460809
P30291,WEE1,SVR,-0.1529865024794882,-0.1786464553752226
P30291,WEE1,SVR,-1.061167602980137,0.0145754395656571
P30291,WEE1,SVR,-0.86373915644407,0.2073553096954263
P30291,WEE1,SVR,-2.82282014755316,-0.462121809579801
P30291,WEE1,SVR,-0.4146241748707653,0.0214291117901626
P30291,WEE1,SVR,0.0479021598200498,-0.2455761287801336
P30291,WEE1,SVR,0.0021211864472814,-0.201516391325589
P31749,AKT1,RandomForest,-2.3161678096763385,-2.232411741084254
P31749,AKT1,RandomForest,-3.555915739527753,-0.4517896791903664
P31749,AKT1,RandomForest,-0.5784062272738341,-1.21783514691641
P31749,AKT1,RandomForest,1.882992716067049,0.0154121729123467
P31749,AKT1,RandomForest,-0.3822093514711895,-1.2373897297181926
P31749,AKT1,RandomForest,-0.9264603816905356,-0.4504002784232482
P31749,AKT1,RandomForest,0.3966204565351791,-0.4277763282825722
P31749,AKT1,RandomForest,-2.240579134158054,-2.200676885952485
P31749,AKT1,RandomForest,1.3026968471359082,-1.1331965751567254
P31749,AKT1,RandomForest,-0.4767293799474599,-0.7620925739300852
P31749,AKT1,RandomForest,0.7858702341104072,-1.0202808896730042
P31749,AKT1,RandomForest,-2.0446149681437413,-1.0029141988178074
P31749,AKT1,RandomForest,-0.920332334645867,-1.304083763241248
P31749,AKT1,RandomForest,-0.0272474684062211,-0.4956852785154984
P31749,AKT1,RandomForest,-3.483011277893072,-2.467154397555188
P31749,AKT1,RandomForest,1.657700104882296,-0.6925301117105964
P31749,AKT1,RandomForest,-0.3831005135917572,-2.4558079911623136
P31749,AKT1,RandomForest,-0.6737287256908009,-1.1968867951917268
P31749,AKT1,RandomForest,-1.6231388197201555,-2.339871217884189
P33981,TTK,PLS,0.81962911290136,0.1663511945180609
P33981,TTK,PLS,0.761756358100687,0.2513237429519591
P33981,TTK,PLS,0.3924285639875703,0.0263749095640395
P33981,TTK,PLS,1.6575739782642838,0.427814396367446
P33981,TTK,PLS,1.080021608013606,0.1386420626582783
P33981,TTK,PLS,1.0292873137234764,0.0348029644596238
P33981,TTK,PLS,1.0483255614615268,0.8000172941449221
P33981,TTK,PLS,-0.3449200493193557,-0.2726431555390901
P33981,TTK,PLS,-1.091176296949048,-0.2744738180954642
P33981,TTK,PLS,0.0714445545021858,0.3567712599770388
P33981,TTK,PLS,-0.132444601746331,0.038380872328632
P33981,TTK,PLS,-0.0713281428721015,0.2371418076981629
P33981,TTK,PLS,0.3100226792336648,-0.0193068701566971
P33981,TTK,PLS,-0.1217455574296795,0.0114635143606093
P33981,TTK,PLS,-1.253933585506373,-0.0975698642055729
P33981,TTK,PLS,-2.263866034091076,-0.1299031789460512
P33981,TTK,PLS,-2.8585318340583368,-0.1684380538742871
P33981,TTK,PLS,-1.2189944357308111,0.1282276514192578
P33981,TTK,PLS,-1.118566417469833,-0.179329371886772
P42345,MTOR,SVR,-3.020252423369456,-1.7677470992082855
P42345,MTOR,SVR,1.6912572929669036,-1.1068155504809698
P42345,MTOR,SVR,-0.7755745120315399,-1.355412558718483
P42345,MTOR,SVR,0.3894191757932376,-0.9515500702179772
P42345,MTOR,SVR,0.4476644845151008,-0.9193718249002324
P42345,MTOR,SVR,2.6783010067800053,-1.0292329179328816
P42345,MTOR,SVR,-0.2065696220280271,-0.509302164974456
P42345,MTOR,SVR,-0.7213975224489512,-0.670739336155719
P42345,MTOR,SVR,-0.4863510301351794,-0.7047562561235949
P42345,MTOR,SVR,-3.2645421569758097,-0.8182494433738271
P42345,MTOR,SVR,-3.1607155417794064,-0.728301887665788
P42345,MTOR,SVR,0.0594626163603534,-1.1987279411686962
P42345,MTOR,SVR,-0.5258690398312647,-0.5529744290259444
P42345,MTOR,SVR,2.263211454976163,-0.6895299236423467
P42345,MTOR,SVR,-1.3739809427829677,-1.1023566950146486
P42345,MTOR,SVR,-0.6209394573649237,-0.1739518157837587
P42345,MTOR,SVR,-0.9180680157701032,0.1761663345796282
P42345,MTOR,SVR,0.6417882308610716,-1.487663259616916
P42345,MTOR,SVR,0.4508448752832473,-1.0063149686673003
P49759,CLK1,PLS,0.3755660082159823,0.3065558068844763
P49759,CLK1,PLS,1.8797301198062613,0.3808567926884618
P49759,CLK1,PLS,-0.2848081563812234,0.2404966260470125
P49759,CLK1,PLS,0.9483832510202574,0.8823157014871786
P49759,CLK1,PLS,-0.3960447828001573,0.620265516726746
P49759,CLK1,PLS,1.553211506558212,0.7634449781018425
P49759,CLK1,PLS,1.346774730316043,1.6039452941568584
P49759,CLK1,PLS,2.281500104312129,1.1960351776239844
P49759,CLK1,PLS,1.586385769863903,0.9738296925227417
P49759,CLK1,PLS,0.7684942099271883,1.6015722983558105
P49759,CLK1,PLS,2.603900146477096,1.3881436482076035
P49759,CLK1,PLS,0.0674370978080259,-0.5207680705570367
P49759,CLK1,PLS,0.7397638834086021,1.2167429227026234
P49759,CLK1,PLS,0.6033391714146423,0.6002974932703229
P49759,CLK1,PLS,0.9154780834156002,1.149552998753772
P49759,CLK1,PLS,1.8613591391386808,0.8757781762868905
P49759,CLK1,PLS,2.1995074467826283,1.2260608799399746
P49759,CLK1,PLS,1.215518594196211,0.4160137561459848
P49759,CLK1,PLS,1.2476077309081135,1.52266541242805
P49761,CLK3,Lasso,0.8200542932357383,-0.4051419349688455
P49761,CLK3,Lasso,-0.5007975984630565,-0.2338846949146874
P49761,CLK3,Lasso,-0.3111689275887394,-0.0097316196661243
P49761,CLK3,Lasso,0.0034033167789765,0.0897774462980966
P49761,CLK3,Lasso,2.108651877985757,-0.0348777927461796
P49761,CLK3,Lasso,-0.6838088587720507,0.2064229453487491
P49761,CLK3,Lasso,0.0065908055858839,-0.2904088279690677
P49761,CLK3,Lasso,-0.8456168567288067,0.1760439590495504
P49761,CLK3,Lasso,0.4697493177358235,0.2430677744138237
P49761,CLK3,Lasso,-0.515252097166813,-0.3190164996146015
P49761,CLK3,Lasso,0.8151748390535575,0.1627075315117963
P49761,CLK3,Lasso,-1.6691410287432198,0.0302514558676683
P49761,CLK3,Lasso,0.9933583691941328,0.0986920025198042
P49761,CLK3,Lasso,-0.448564722934414,-0.0735435080113473
P49761,CLK3,Lasso,-0.3890179252027138,-0.3354542048678819
P49761,CLK3,Lasso,1.4015547882719426,0.29384636326712
P49761,CLK3,Lasso,-0.2743588491156466,0.2003318601549097
P49761,CLK3,Lasso,0.0522610079880688,-0.1980015494265122
P49761,CLK3,Lasso,0.1378132326180041,0.2386701662049299
P49841,GSK3B,GradientBoosting,1.778995898930291,0.6300039708008532
P49841,GSK3B,GradientBoosting,0.5576600227569262,0.845352156621719
P49841,GSK3B,GradientBoosting,0.6686350685931501,-0.0486508634247468
P49841,GSK3B,GradientBoosting,-0.3958010663036472,0.5198325252865067
P49841,GSK3B,GradientBoosting,0.0445857004104996,0.0333300914055293
P49841,GSK3B,GradientBoosting,0.3898861053829631,-0.3503421173238818
P49841,GSK3B,GradientBoosting,-0.3833700557149962,0.4492486765093486
P49841,GSK3B,GradientBoosting,0.0128830185055009,0.2506212945911764
P49841,GSK3B,GradientBoosting,-0.1357919354415361,-0.0477641880681794
P49841,GSK3B,GradientBoosting,-1.510967670614915,-0.2280837749516984
P49841,GSK3B,GradientBoosting,-0.8565775361305872,0.2154880730092043
P49841,GSK3B,GradientBoosting,1.602494617819409,0.7001275668975502
P49841,GSK3B,GradientBoosting,0.2426228969868603,0.5494049036616451
P49841,GSK3B,GradientBoosting,0.29356077832974,0.4827611971147676
P49841,GSK3B,GradientBoosting,0.5602067162014106,0.3286988471731334
P49841,GSK3B,GradientBoosting,-1.0026546975967412,0.1267312425350533
P49841,GSK3B,GradientBoosting,-0.5153661043647565,-0.3917804889958188
P49841,GSK3B,GradientBoosting,0.588785760264543,0.8811256654728191
P49841,GSK3B,GradientBoosting,1.4077448961731798,-0.0891861205394192
P51812,RPS6KA3,SVR,0.7480298036692934,0.8439201843437885
P51812,RPS6KA3,SVR,-1.6404351491338858,0.2149771809678471
P51812,RPS6KA3,SVR,-2.288708416490336,0.2495863896397782
P51812,RPS6KA3,SVR,1.5051332439863032,0.387054456084868
P51812,RPS6KA3,SVR,0.901826239109948,0.3542831141057166
P51812,RPS6KA3,SVR,-0.1346051648011521,0.1132988350325059
P51812,RPS6KA3,SVR,1.2424640506911309,1.624662880516953
P51812,RPS6KA3,SVR,1.5865981641644806,-0.3206437727737687
P51812,RPS6KA3,SVR,2.346784928660609,1.6756092268838232
P51812,RPS6KA3,SVR,1.154509806951709,-0.2531987622174017
P51812,RPS6KA3,SVR,3.0605460153036272,1.454436814679054
P51812,RPS6KA3,SVR,-0.4994509613028606,-0.8904169776448343
P51812,RPS6KA3,SVR,0.8720461277467144,0.6879065558792297
P51812,RPS6KA3,SVR,0.1687823422880998,0.2828840602213233
P51812,RPS6KA3,SVR,-0.5084333211145798,-0.1256908052790255
P51812,RPS6KA3,SVR,3.07638623724664,1.1737225058369083
P51812,RPS6KA3,SVR,1.774005922848194,0.7898313255857683
P51812,RPS6KA3,SVR,1.204485082279158,0.7644330967827828
P51812,RPS6KA3,SVR,0.4545602002677193,-0.8455491345341744
P51957,NEK4,ElasticNet,-0.4093002446705165,-0.4442170193305131
P51957,NEK4,ElasticNet,-0.5907158577891629,-0.4469905497520431
P51957,NEK4,ElasticNet,-0.4727467302600698,-0.4589663909263091
P51957,NEK4,ElasticNet,-0.6195762772149992,-0.4919746709714018
P51957,NEK4,ElasticNet,-0.7175927988932219,-0.513708724967534
P51957,NEK4,ElasticNet,-0.5630152929126979,-0.4299504637503464
P51957,NEK4,ElasticNet,-0.5207559604901869,-0.471605464994271
P51957,NEK4,ElasticNet,0.4584626061042363,-0.446983016335263
P51957,NEK4,ElasticNet,-0.4380306344714519,-0.3875613122092143
P51957,NEK4,ElasticNet,-0.5703976111794783,-0.4624434158456044
P51957,NEK4,ElasticNet,-0.6076175163346759,-0.4307551920923163
P51957,NEK4,ElasticNet,-0.4564024578156525,-0.4696447521632864
P51957,NEK4,ElasticNet,0.7503463006471084,-0.4514503284910266
P51957,NEK4,ElasticNet,-0.6052521085857361,-0.4501435132278255
P51957,NEK4,ElasticNet,-0.7311369302953246,-0.4962263573647377
P51957,NEK4,ElasticNet,-0.636460547665877,-0.4304623249713479
P51957,NEK4,ElasticNet,-0.6396834347740081,-0.4537911519763358
P51957,NEK4,ElasticNet,-0.2521240617170872,-0.4139076454415615
P51957,NEK4,ElasticNet,-0.6337240552625673,-0.4752218290196273
P54646,PRKAA2,XGBoost,1.9087817509308893,0.6607008576393127
P54646,PRKAA2,XGBoost,0.7294188891390914,0.6351568698883057
P54646,PRKAA2,XGBoost,0.574162987766885,-0.0010976889170706
P54646,PRKAA2,XGBoost,0.0429500597717324,-0.4652245640754699
P54646,PRKAA2,XGBoost,-0.1654471298673812,0.2301122844219207
P54646,PRKAA2,XGBoost,1.0046101217666763,0.1876196265220642
P54646,PRKAA2,XGBoost,-0.1994288703413316,0.4334685802459717
P54646,PRKAA2,XGBoost,-0.391508783247916,-1.3247052431106567
P54646,PRKAA2,XGBoost,-1.8980146892282908,0.7563401460647583
P54646,PRKAA2,XGBoost,-1.0372329168736147,-0.5543403029441833
P54646,PRKAA2,XGBoost,1.024562917340498,0.0176275931298732
P54646,PRKAA2,XGBoost,0.1287113359659478,-0.0010976889170706
P54646,PRKAA2,XGBoost,-1.7494297469860876,-0.9136159420013428
P54646,PRKAA2,XGBoost,0.7766446686661408,-0.1713256686925888
P54646,PRKAA2,XGBoost,1.3675282607765544,0.9349496364593506
P54646,PRKAA2,XGBoost,-1.5319571648444876,-0.6119632720947266
P54646,PRKAA2,XGBoost,-1.444920359014985,-1.817969560623169
P54646,PRKAA2,XGBoost,-1.0928112721642802,-1.2647361755371094
P54646,PRKAA2,XGBoost,1.3339742456123111,0.5163043141365051
P78527,PRKDC,XGBoost,-0.1183308617557755,-1.0846463441848757
P78527,PRKDC,XGBoost,-0.4838465320930666,-1.032434344291687
P78527,PRKDC,XGBoost,0.8211826120548598,0.9917109608650208
P78527,PRKDC,XGBoost,0.2002589861067336,-0.4959289729595184
P78527,PRKDC,XGBoost,0.8534027685551625,0.6508655548095703
P78527,PRKDC,XGBoost,-1.2478678529596017,0.5136749744415283
P78527,PRKDC,XGBoost,0.2199461163774018,-0.9153892397880554
P78527,PRKDC,XGBoost,-1.24349643031105,-0.7907820343971252
P78527,PRKDC,XGBoost,0.132254778287071,0.6756016612052917
P78527,PRKDC,XGBoost,-0.5636999130413114,-0.5977312922477722
P78527,PRKDC,XGBoost,0.912255382774298,0.4755418300628662
P78527,PRKDC,XGBoost,0.2319955877644149,-0.376715749502182
P78527,PRKDC,XGBoost,-0.1473326937810884,0.341467410326004
P78527,PRKDC,XGBoost,-1.1419441543592648,-1.3647490739822388
P78527,PRKDC,XGBoost,-0.4327094360553726,-0.3801293075084686
P78527,PRKDC,XGBoost,-1.1097005867107814,-0.6742925047874451
P78527,PRKDC,XGBoost,-1.9587036500674555,-0.4320165514945984
P78527,PRKDC,XGBoost,-0.4641712682713416,-0.8894019722938538
P78527,PRKDC,XGBoost,0.1755389273545787,0.259465605020523
Q00536,CDK16,MLP,-0.0489836359192419,-0.0834945701858794
Q00536,CDK16,MLP,0.8124086157843274,-0.0608946084234387
Q00536,CDK16,MLP,-0.0605163847338656,0.130253062284784
Q00536,CDK16,MLP,-0.157460149867427,-0.0608946084234387
Q00536,CDK16,MLP,0.0606746128553828,0.1538088896456199
Q00536,CDK16,MLP,1.020154100842665,0.1890365932150977
Q00536,CDK16,MLP,-0.6843330603984737,-0.0608946084234387
Q00536,CDK16,MLP,0.5954763125419074,0.129051920379402
Q00536,CDK16,MLP,0.0224389115642242,0.4595762824944774
Q00536,CDK16,MLP,-0.2304643735053793,-0.0608946084234387
Q00536,CDK16,MLP,-2.1469026877649133,0.2608216877099763
Q00536,CDK16,MLP,-1.753752542518656,0.2132836985833057
Q00536,CDK16,MLP,0.4716373422340653,0.1773419622366885
Q00536,CDK16,MLP,0.7444221223322637,0.0285747276091948
Q00536,CDK16,MLP,-0.3729635374407714,-0.0272570405507636
Q00536,CDK16,MLP,-1.190900284664915,0.3092338807955113
Q00536,CDK16,MLP,0.3909521320176021,0.2446878167772613
Q00536,CDK16,MLP,-3.611531976060717,0.0127678548915264
Q00536,CDK16,MLP,2.039570599278764,-0.0608946084234387
Q00537,CDK17,Lasso,0.4009859423383386,0.1336601539542162
Q00537,CDK17,Lasso,0.2702273098362374,0.4072092224239845
Q00537,CDK17,Lasso,-1.2530416259963515,-0.3941238758385025
Q00537,CDK17,Lasso,-0.5595710108991592,-0.3808715030209485
Q00537,CDK17,Lasso,1.154841276447902,0.7069512306069405
Q00537,CDK17,Lasso,0.7373441557444445,0.3076188735110852
Q00537,CDK17,Lasso,-2.789497272092359,-0.7142029625690047
Q00537,CDK17,Lasso,0.3811532073777813,-1.147012208818544
Q00537,CDK17,Lasso,0.7983318200679904,-0.7338934041793759
Q00537,CDK17,Lasso,-0.3868821668672738,0.1679423340130426
Q00537,CDK17,Lasso,-1.2986664789376394,0.6741219304344443
Q00537,CDK17,Lasso,-2.1383693558107453,-0.1386220745561751
Q00537,CDK17,Lasso,1.021820235559699,-0.1738434946755472
Q00537,CDK17,Lasso,0.8909693552806216,0.1129809104775762
Q00537,CDK17,Lasso,0.0518163629788941,0.1216292950260306
Q00537,CDK17,Lasso,-0.2093553457321764,-0.6033377287634318
Q00537,CDK17,Lasso,0.2243277647975552,-0.9335934312146188
Q00537,CDK17,Lasso,-3.39533056325964,0.1273846920204383
Q00537,CDK17,Lasso,1.951383568939016,0.1668376112618602
Q05397,PTK2,Lasso,1.9328051683010723,1.2188472495077414
Q05397,PTK2,Lasso,1.3906188783282445,-0.0543092766092808
Q05397,PTK2,Lasso,0.2775993866351032,0.645955982898637
Q05397,PTK2,Lasso,-0.7914618710585177,-0.0933318866214806
Q05397,PTK2,Lasso,0.925543982459118,0.4808952614977239
Q05397,PTK2,Lasso,0.8757262360472277,0.1222117507705298
Q05397,PTK2,Lasso,-0.7371635714555484,0.5800611606137822
Q05397,PTK2,Lasso,1.1825907809466265,0.7339715277498732
Q05397,PTK2,Lasso,0.3394782665978417,0.7329755818327393
Q05397,PTK2,Lasso,-0.4725905431403341,-0.0610494399274079
Q05397,PTK2,Lasso,0.8944003458956478,0.6467031230343618
Q05397,PTK2,Lasso,0.4221601922608449,0.678946144434027
Q05397,PTK2,Lasso,0.8112215589823029,0.7327867446329868
Q05397,PTK2,Lasso,0.5842371897440909,-0.0891464373307577
Q05397,PTK2,Lasso,-0.6039055023882799,0.3277764154766098
Q05397,PTK2,Lasso,0.8470322269408462,0.815541356861555
Q05397,PTK2,Lasso,-0.396788000993161,0.4138836248829884
Q05397,PTK2,Lasso,-0.4288382447835647,0.5886179344337058
Q05397,PTK2,Lasso,1.0992482662506546,0.631944016002712
Q05655,PRKCD,PLS,0.6559092358013868,-0.4766019732001578
Q05655,PRKCD,PLS,-1.4070988587568531,-1.0141134714303988
Q05655,PRKCD,PLS,-0.1810425311408948,-1.7252128280553705
Q05655,PRKCD,PLS,0.7904708816528004,-1.280930400679304
Q05655,PRKCD,PLS,0.0583741670430944,-0.8469185651438562
Q05655,PRKCD,PLS,-0.1487471913936255,-1.0365815561288358
Q05655,PRKCD,PLS,-1.393283349609108,-1.4922220508989297
Q05655,PRKCD,PLS,-1.5919215871821697,-1.3768386321880557
Q05655,PRKCD,PLS,-0.0341895611560914,-1.0556916757143158
Q05655,PRKCD,PLS,-0.4531175519171854,-1.3574626010802011
Q05655,PRKCD,PLS,-2.776441824703647,-1.97053710081744
Q05655,PRKCD,PLS,-0.8196853994700667,-0.638074289373978
Q05655,PRKCD,PLS,-2.4845992077505388,-1.568137430134949
Q05655,PRKCD,PLS,-0.5949525408577556,-1.1573033254578609
Q05655,PRKCD,PLS,-1.861943058748392,-0.959339214692024
Q05655,PRKCD,PLS,-1.2876439375341913,-1.3959339876808974
Q05655,PRKCD,PLS,-2.2784950618114257,-1.2953766797862896
Q05655,PRKCD,PLS,-1.0528657530251926,-0.7696723762319004
Q05655,PRKCD,PLS,-1.579094125839791,-1.272932116680317
Q06187,BTK,GradientBoosting,0.2241951797045536,-1.0418223195473444
Q06187,BTK,GradientBoosting,3.116582978878132,3.535985729918599
Q06187,BTK,GradientBoosting,0.019348539746229,-0.0485440930827709
Q06187,BTK,GradientBoosting,-1.067877886941409,-0.610839319977867
Q06187,BTK,GradientBoosting,1.2079445888555362,0.069080804396072
Q06187,BTK,GradientBoosting,2.740886948260533,1.9594345097430728
Q06187,BTK,GradientBoosting,-1.0193045721895602,0.90647712370634
Q06187,BTK,GradientBoosting,0.1844268651613904,-0.4037343241222446
Q06187,BTK,GradientBoosting,0.530437751944154,0.4055464382242755
Q06187,BTK,GradientBoosting,-0.4249757416115504,-0.8257657311000346
Q06187,BTK,GradientBoosting,1.556551041612991,1.13636335761053
Q06187,BTK,GradientBoosting,0.4646048394470759,1.6871826284796738
Q06187,BTK,GradientBoosting,0.8830934463968503,-0.0081279582020039
Q06187,BTK,GradientBoosting,3.0572404480177533,2.568283088640421
Q06187,BTK,GradientBoosting,-1.4840996451688229,-1.6145101754488218
Q06187,BTK,GradientBoosting,0.8868720721489403,-0.2776948335687536
Q06187,BTK,GradientBoosting,0.2646107248228074,0.2927532444426328
Q06187,BTK,GradientBoosting,-0.1052216050037029,0.5661146644952049
Q06187,BTK,GradientBoosting,0.584293916207123,0.0332242950779913
Q07002,CDK18,GradientBoosting,0.388319273020502,0.6165317189522084
Q07002,CDK18,GradientBoosting,0.4243948157765542,-0.7480976503531354
Q07002,CDK18,GradientBoosting,-0.6405110853711992,0.0863265206935576
Q07002,CDK18,GradientBoosting,-0.0750761240004618,-1.5240413699534616
Q07002,CDK18,GradientBoosting,0.2107164256234902,0.7741801282528487
Q07002,CDK18,GradientBoosting,0.8347846486819606,0.1495758711262323
Q07002,CDK18,GradientBoosting,-0.7430617371343928,-1.5863994580584513
Q07002,CDK18,GradientBoosting,0.559156578651775,0.6437419934982151
Q07002,CDK18,GradientBoosting,0.8220370059055018,-0.0517151619282079
Q07002,CDK18,GradientBoosting,-0.0496015911910292,-1.4144615204968878
Q07002,CDK18,GradientBoosting,-1.7252915249150866,0.3387316793521679
Q07002,CDK18,GradientBoosting,-2.448701387831034,-0.4722037994076543
Q07002,CDK18,GradientBoosting,1.2929764900243017,-0.152302304034584
Q07002,CDK18,GradientBoosting,1.0354265999096617,0.2265095627993732
Q07002,CDK18,GradientBoosting,0.2835896019381317,0.5000205632341616
Q07002,CDK18,GradientBoosting,-0.4817617702760408,1.1924430945101436
Q07002,CDK18,GradientBoosting,0.7152446003786928,0.3094350265922622
Q07002,CDK18,GradientBoosting,-3.518990948824427,0.2633104639298461
Q07002,CDK18,GradientBoosting,2.285049095269432,1.4872886152169786
Q13043,STK4,Lasso,-1.0657950057323582,0.491015012908198
Q13043,STK4,Lasso,2.473885909754373,0.2833661553264083
Q13043,STK4,Lasso,0.431282751360072,0.1606075810288741
Q13043,STK4,Lasso,-0.2155710711330183,0.140006164273698
Q13043,STK4,Lasso,0.9400885553834376,0.5470774680962704
Q13043,STK4,Lasso,0.2477304844778015,0.0153488329562777
Q13043,STK4,Lasso,-0.2838714529972896,0.2549825509816151
Q13043,STK4,Lasso,0.5871596832544516,0.2861951956788549
Q13043,STK4,Lasso,0.308008488266863,0.283090837867707
Q13043,STK4,Lasso,-0.4962877523962959,0.2028713396995595
Q13043,STK4,Lasso,-0.9246515443733864,0.3293559182215739
Q13043,STK4,Lasso,0.5656275706446392,0.2446886395375491
Q13043,STK4,Lasso,0.695187595083429,0.0131992713433178
Q13043,STK4,Lasso,0.0684065645978393,0.3013074205183904
Q13043,STK4,Lasso,0.2751029237360287,0.3472246607410499
Q13043,STK4,Lasso,-0.4263058115480458,0.2194748198502291
Q13043,STK4,Lasso,0.7385999883221142,0.165738319020249
Q13043,STK4,Lasso,1.2944940946074448,0.2214889332569404
Q13043,STK4,Lasso,0.1807785813028628,0.2875441925083505
Q13131,PRKAA1,Lasso,2.296301291687929,1.9084345458207503
Q13131,PRKAA1,Lasso,0.3785770430023201,0.1918531475086989
Q13131,PRKAA1,Lasso,1.0452489584102067,0.0603134923333522
Q13131,PRKAA1,Lasso,0.3189604462229091,0.2315828751750694
Q13131,PRKAA1,Lasso,0.3643862326698628,0.4741166697758743
Q13131,PRKAA1,Lasso,0.6342854702692349,0.3067212195303643
Q13131,PRKAA1,Lasso,-0.0320323555888241,0.2391434865874214
Q13131,PRKAA1,Lasso,0.1401130961215021,0.4971778821560155
Q13131,PRKAA1,Lasso,-0.2226441422228226,0.4017308662269314
Q13131,PRKAA1,Lasso,-0.3994066101221687,0.5145086886019313
Q13131,PRKAA1,Lasso,0.1912352898638405,0.4985028537924584
Q13131,PRKAA1,Lasso,0.5894545575808394,-0.1290168344670591
Q13131,PRKAA1,Lasso,-0.4857871889884947,0.4227784881427374
Q13131,PRKAA1,Lasso,1.0176587916608442,0.0861348513498038
Q13131,PRKAA1,Lasso,2.06751394267968,0.5079137292782311
Q13131,PRKAA1,Lasso,-0.8489955319332952,0.4752637988918951
Q13131,PRKAA1,Lasso,0.1403973208503197,0.4390831131143346
Q13131,PRKAA1,Lasso,0.4400254040925989,-0.077542213644261
Q13131,PRKAA1,Lasso,0.901284647827466,0.4379158013709535
Q13153,PAK1,Lasso,-0.0706811779909659,-1.2323228387683536
Q13153,PAK1,Lasso,-1.5582395911163078,-1.2857442364809537
Q13153,PAK1,Lasso,-0.4316084875635922,0.0331612522099024
Q13153,PAK1,Lasso,-0.7446151298715787,-0.6253349030908658
Q13153,PAK1,Lasso,1.5111656310658494,-0.2074583872886143
Q13153,PAK1,Lasso,-0.5165615061282753,-0.3232305194478093
Q13153,PAK1,Lasso,0.1673224083449689,-0.6682894158096
Q13153,PAK1,Lasso,-4.639775439623039,-1.4057428380191128
Q13153,PAK1,Lasso,-2.646925324870568,-0.8557383452685885
Q13153,PAK1,Lasso,-0.1448928488173106,-0.4471549729451579
Q13153,PAK1,Lasso,-0.1965575954135572,-1.3089596223191011
Q13153,PAK1,Lasso,-2.7417073111533115,-0.6236339725017718
Q13153,PAK1,Lasso,-1.1864655606564305,-0.6631484946225497
Q13153,PAK1,Lasso,-1.4759311344230754,-0.1699835106068218
Q13153,PAK1,Lasso,-2.3145537082509087,-1.32382684111055
Q13153,PAK1,Lasso,1.6829750248075668,-1.137915311176754
Q13153,PAK1,Lasso,-1.403927888247068,-1.4507066036720244
Q13153,PAK1,Lasso,-0.0944613312394154,-0.7719804018783835
Q13153,PAK1,Lasso,-1.8270266538861848,-1.5238819739936638
Q13177,PAK2,XGBoost,0.4663724335474707,-0.6963211894035339
Q13177,PAK2,XGBoost,-2.245952805717844,-1.0940932035446167
Q13177,PAK2,XGBoost,-0.8611968949623486,0.0681348368525505
Q13177,PAK2,XGBoost,1.1061620743321363,0.419814795255661
Q13177,PAK2,XGBoost,-0.6053222442690922,-0.7480818033218384
Q13177,PAK2,XGBoost,-0.3527851946462054,-0.5106246471405029
Q13177,PAK2,XGBoost,0.0526305011478321,-0.2428252100944519
Q13177,PAK2,XGBoost,-1.0512695851131406,-0.9184374213218688
Q13177,PAK2,XGBoost,0.4813775470593797,-1.0967780351638794
Q13177,PAK2,XGBoost,-1.2895590371776613,-1.85629141330719
Q13177,PAK2,XGBoost,-0.5657272853018579,-0.5095609426498413
Q13177,PAK2,XGBoost,0.4011519594725453,-0.5957242846488953
Q13177,PAK2,XGBoost,-0.7021589608224689,0.3441677093505859
Q13177,PAK2,XGBoost,-0.5448678940551428,-0.3791412711143493
Q13177,PAK2,XGBoost,-0.5087580032332393,-0.197182759642601
Q13177,PAK2,XGBoost,0.3858712851608323,-0.2058580964803695
Q13177,PAK2,XGBoost,-0.0771843006036804,-0.25855153799057
Q13177,PAK2,XGBoost,-0.4539505014368246,-0.7739931344985962
Q13177,PAK2,XGBoost,-0.0015270071129796,0.5436077117919922
Q13233,MAP3K1,SVR,-0.0493093961638282,-0.0031107278148088
Q13233,MAP3K1,SVR,0.6872482741414287,0.0637446919629729
Q13233,MAP3K1,SVR,-0.111642122359937,0.1265162709572914
Q13233,MAP3K1,SVR,-0.789157482379268,0.2944274131949358
Q13233,MAP3K1,SVR,-0.8787993526684,0.2476025145222721
Q13233,MAP3K1,SVR,-0.0246744472683185,0.2929674089168885
Q13233,MAP3K1,SVR,1.8481401449005328,0.1643313821283902
Q13233,MAP3K1,SVR,-0.6892197984982821,0.0788883347633202
Q13233,MAP3K1,SVR,2.3174358740041665,0.2640397184340117
Q13233,MAP3K1,SVR,-1.3005293614811737,0.381573264518722
Q13233,MAP3K1,SVR,0.9804883028994076,0.4896161776152478
Q13233,MAP3K1,SVR,2.1578199938400395,-0.0754098567351375
Q13233,MAP3K1,SVR,0.756890276715423,0.1290035816487967
Q13233,MAP3K1,SVR,0.3618607911061595,0.2494463742128161
Q13233,MAP3K1,SVR,0.126164026168714,0.0878829065228086
Q13233,MAP3K1,SVR,1.721501462671633,0.3571968258743839
Q13233,MAP3K1,SVR,0.9754064330202264,0.2630421701556416
Q13233,MAP3K1,SVR,0.7970518972097739,0.068215286429168
Q13233,MAP3K1,SVR,0.4188812643239077,0.0323299904485985
Q13263,TRIM28,ElasticNet,0.5648354100964136,0.5264085579524226
Q13263,TRIM28,ElasticNet,-0.1640906246959876,-0.0053414149614811
Q13263,TRIM28,ElasticNet,0.1753592838387239,0.0078811250723036
Q13263,TRIM28,ElasticNet,0.236321431229398,-0.1505029238611886
Q13263,TRIM28,ElasticNet,-0.1275913334568535,-0.150011475331325
Q13263,TRIM28,ElasticNet,0.1811062837704716,-0.043227064134048
Q13263,TRIM28,ElasticNet,0.014811855917658,0.1045985259175475
Q13263,TRIM28,ElasticNet,0.5863625324961735,0.08118583754816
Q13263,TRIM28,ElasticNet,0.1645047002830233,0.2230935137400362
Q13263,TRIM28,ElasticNet,-0.189700773099614,-0.0342256009006373
Q13263,TRIM28,ElasticNet,0.3470513169809207,0.3228587457411334
Q13263,TRIM28,ElasticNet,0.0154106475243054,-0.2654877587330228
Q13263,TRIM28,ElasticNet,0.6449899371835107,-0.0682507176699663
Q13263,TRIM28,ElasticNet,0.0489398665332439,-0.1768846484522451
Q13263,TRIM28,ElasticNet,0.5734481212994365,0.1070300673863111
Q13263,TRIM28,ElasticNet,0.2004865508619635,0.3418474033762267
Q13263,TRIM28,ElasticNet,0.2780392260977953,0.2398305852856922
Q13263,TRIM28,ElasticNet,0.3227937413821048,-0.1013830161110078
Q13263,TRIM28,ElasticNet,0.1877891711272918,0.4575152289951185
Q13555,CAMK2G,Lasso,0.0777052710335761,-0.2989746238584494
Q13555,CAMK2G,Lasso,-0.0478027800515582,0.1183291215187754
Q13555,CAMK2G,Lasso,0.1715708854802124,0.0052064318868903
Q13555,CAMK2G,Lasso,0.7341098845840668,0.1524892407195247
Q13555,CAMK2G,Lasso,0.7528312774623385,0.7680289286606485
Q13555,CAMK2G,Lasso,0.4328312221895745,0.0989788135109996
Q13555,CAMK2G,Lasso,-0.395698000075735,0.0641444084512109
Q13555,CAMK2G,Lasso,0.9800103310343522,-0.1460039417222162
Q13555,CAMK2G,Lasso,0.1494000050458857,0.0819647416740679
Q13555,CAMK2G,Lasso,0.4563348254941309,0.4339847898338413
Q13555,CAMK2G,Lasso,0.5246126337996948,-0.5051221991188714
Q13555,CAMK2G,Lasso,0.4418587519445923,-0.1454238542876346
Q13555,CAMK2G,Lasso,1.4783594093034576,0.1347420914154629
Q13555,CAMK2G,Lasso,-0.2824604240070681,0.0424763292048886
Q13555,CAMK2G,Lasso,-1.073045000379524,0.0451721123270178
Q13555,CAMK2G,Lasso,0.6034534197276271,0.0002350579918376
Q13555,CAMK2G,Lasso,-0.4882625922309502,-0.2122195399271901
Q13555,CAMK2G,Lasso,0.1361082651063016,-0.2878784536393028
Q13555,CAMK2G,Lasso,0.0736476706814826,0.9421495079912398
Q13627,DYRK1A,SVR,1.594703077943945,0.688381619352481
Q13627,DYRK1A,SVR,2.1575038572083503,0.3782057294375
Q13627,DYRK1A,SVR,0.1787017288720617,0.1922813993494447
Q13627,DYRK1A,SVR,0.9169916625436276,0.530756315605996
Q13627,DYRK1A,SVR,1.5744274762166846,0.1122481668235218
Q13627,DYRK1A,SVR,1.096118276942927,0.4988035615738425
Q13627,DYRK1A,SVR,0.0674171681982619,0.6613986623984982
Q13627,DYRK1A,SVR,-0.5796554970928264,0.322080086793035
Q13627,DYRK1A,SVR,0.7753618941601582,0.1062304076506157
Q13627,DYRK1A,SVR,0.1188203415059715,0.6088140036831176
Q13627,DYRK1A,SVR,-0.1271436109213652,-0.2057292456794134
Q13627,DYRK1A,SVR,-2.226869333646888,-0.291871843812697
Q13627,DYRK1A,SVR,1.397474006759009,0.1381592347256622
Q13627,DYRK1A,SVR,1.8415453955686327,0.425301202553763
Q13627,DYRK1A,SVR,0.5418219889056608,0.3906514002079074
Q13627,DYRK1A,SVR,1.6968401470845886,0.353930254253946
Q13627,DYRK1A,SVR,-0.5146913836724122,0.4970617265511933
Q13627,DYRK1A,SVR,-1.1763461263153452,0.66583448096782
Q13627,DYRK1A,SVR,1.0224147467179372,0.5384532919710945
Q14004,CDK13,GradientBoosting,0.3960741645463702,1.1444002904241757
Q14004,CDK13,GradientBoosting,0.385198081876333,0.8208196737861161
Q14004,CDK13,GradientBoosting,-0.6220855329284573,-0.1680425698770013
Q14004,CDK13,GradientBoosting,-0.1224336426702472,0.2303454285830157
Q14004,CDK13,GradientBoosting,0.1552653935287606,0.2325093563113917
Q14004,CDK13,GradientBoosting,0.8246155942286156,0.4234999715126622
Q14004,CDK13,GradientBoosting,-0.7349990769348225,0.4473517499404034
Q14004,CDK13,GradientBoosting,0.6054599850757775,0.7802165441022025
Q14004,CDK13,GradientBoosting,0.8969515493209262,0.4460340174594018
Q14004,CDK13,GradientBoosting,-0.07159958849216,0.3027956306761291
Q14004,CDK13,GradientBoosting,-1.7063380983918184,0.3514836043645401
Q14004,CDK13,GradientBoosting,-2.424061635487836,-1.4109202412192574
Q14004,CDK13,GradientBoosting,1.3252512943974235,0.5962877260087979
Q14004,CDK13,GradientBoosting,1.038395240383162,0.6534438224541514
Q14004,CDK13,GradientBoosting,0.2177132403631661,0.1848370740613537
Q14004,CDK13,GradientBoosting,-0.3536942346214531,0.678257486126853
Q14004,CDK13,GradientBoosting,0.7894467381562033,0.5055108260325333
Q14004,CDK13,GradientBoosting,-3.596182591316512,-0.5473158289896501
Q14004,CDK13,GradientBoosting,2.154688552322785,0.101186617982084
Q14680,MELK,XGBoost,0.4078737289984442,0.2087775617837906
Q14680,MELK,XGBoost,-0.5775299154205318,-0.254736840724945
Q14680,MELK,XGBoost,1.2690588417461268,1.5234642028808594
Q14680,MELK,XGBoost,1.1853069505290268,0.4282867610454559
Q14680,MELK,XGBoost,0.6079689769717292,0.7344158887863159
Q14680,MELK,XGBoost,1.015551311243498,0.3037965297698974
Q14680,MELK,XGBoost,0.2768916103135313,0.8571518063545227
Q14680,MELK,XGBoost,0.1339540995458067,0.2209837436676025
Q14680,MELK,XGBoost,-0.2778603417315227,-0.1633206456899643
Q14680,MELK,XGBoost,0.292973251929836,0.7211397290229797
Q14680,MELK,XGBoost,1.8990181069234489,0.6117603778839111
Q14680,MELK,XGBoost,0.4451598057575506,1.4843626022338867
Q14680,MELK,XGBoost,0.4440379036972683,0.48150834441185
Q14680,MELK,XGBoost,1.1305318738244152,0.3663679659366607
Q14680,MELK,XGBoost,0.0714765780592694,0.7341502904891968
Q14680,MELK,XGBoost,0.7516842756298854,0.2649878561496734
Q14680,MELK,XGBoost,-0.1799570775661821,0.2010538727045059
Q14680,MELK,XGBoost,1.303894379251362,0.7880797386169434
Q14680,MELK,XGBoost,-0.5730150555932483,0.3341807723045349
Q15139,PRKD1,SVR,-1.7263323259432928,-0.8688366650497871
Q15139,PRKD1,SVR,3.101721642478892,2.4045749207507625
Q15139,PRKD1,SVR,0.7378123288913173,-0.0231836732782313
Q15139,PRKD1,SVR,0.3330482220013429,-0.1813786682380134
Q15139,PRKD1,SVR,-0.90651340212817,-0.3737179129278954
Q15139,PRKD1,SVR,0.9941778753893392,1.2970105519433786
Q15139,PRKD1,SVR,0.0035062905577604,-0.0160442074605763
Q15139,PRKD1,SVR,-2.6470695336283967,-0.9152146393789772
Q15139,PRKD1,SVR,1.7337455128819588,2.507375639388328
Q15139,PRKD1,SVR,-0.9929441683606088,-0.0726603796277855
Q15139,PRKD1,SVR,-1.8733055910698129,-1.1962675405246104
Q15139,PRKD1,SVR,0.3860926294904673,-0.3962305745256756
Q15139,PRKD1,SVR,-1.1745140666169058,-2.0476696831158696
Q15139,PRKD1,SVR,2.02411897245533,1.0911185637614638
Q15139,PRKD1,SVR,-0.4886745872832756,-0.7361298568696195
Q15139,PRKD1,SVR,-1.0161910411217,-0.9940324015507536
Q15139,PRKD1,SVR,-0.8506380247251192,-1.8638320634792984
Q15139,PRKD1,SVR,-0.072901680336333,0.7042626309241364
Q15139,PRKD1,SVR,-1.114818368717778,-1.3795038748484212
Q15418,RPS6KA1,GradientBoosting,0.1270011230578488,-0.2807076397448557
Q15418,RPS6KA1,GradientBoosting,-1.080746042409158,-0.3279841027861289
Q15418,RPS6KA1,GradientBoosting,1.171323333707229,0.4633800910910863
Q15418,RPS6KA1,GradientBoosting,-0.0907674168034384,-0.2825159889737384
Q15418,RPS6KA1,GradientBoosting,-0.7732700959858195,-0.7025709518190064
Q15418,RPS6KA1,GradientBoosting,-0.760228727875856,-0.2812213737253961
Q15418,RPS6KA1,GradientBoosting,0.2978964352188922,-0.100689368833163
Q15418,RPS6KA1,GradientBoosting,-1.0764709801908643,-1.4831931985935778
Q15418,RPS6KA1,GradientBoosting,2.152347980258198,1.0267701357596433
Q15418,RPS6KA1,GradientBoosting,-0.9473409950964324,-0.2630045746441023
Q15418,RPS6KA1,GradientBoosting,0.7346913047727205,0.2975879486230577
Q15418,RPS6KA1,GradientBoosting,-0.122162808172459,-0.5369563914530741
Q15418,RPS6KA1,GradientBoosting,0.9052513932978358,0.1825126828626773
Q15418,RPS6KA1,GradientBoosting,-0.1621567697812941,-0.4567276219401945
Q15418,RPS6KA1,GradientBoosting,-0.2677393473781201,0.0512185426129046
Q15418,RPS6KA1,GradientBoosting,2.677227427485274,1.119205630607662
Q15418,RPS6KA1,GradientBoosting,0.7751550936087086,0.8227351871829051
Q15418,RPS6KA1,GradientBoosting,-0.3320134908972812,-0.4685461983895583
Q15418,RPS6KA1,GradientBoosting,-0.0908413175185969,-0.7055428703275965
Q16512,PKN1,RandomForest,0.1019326137066907,-0.1226332089517695
Q16512,PKN1,RandomForest,-0.132219057659357,0.2559275239084321
Q16512,PKN1,RandomForest,0.0660151191328449,-0.1559555928554906
Q16512,PKN1,RandomForest,-0.7870254324799708,-0.6777124373504758
Q16512,PKN1,RandomForest,-0.4390711460426441,-0.2738321385213529
Q16512,PKN1,RandomForest,0.004069779568756,-0.7384891027891822
Q16512,PKN1,RandomForest,-1.552715782789781,-0.4565902617917038
Q16512,PKN1,RandomForest,-1.4168715475730045,-0.0050641465660161
Q16512,PKN1,RandomForest,-0.353235566900532,-0.1885985136664029
Q16512,PKN1,RandomForest,-0.8177304256828667,-1.243511925898169
Q16512,PKN1,RandomForest,1.5015810597059909,-0.4121352513694762
Q16512,PKN1,RandomForest,0.6659923417578117,0.195743074245168
Q16512,PKN1,RandomForest,-0.0074187639815259,-0.3567984096940588
Q16512,PKN1,RandomForest,0.2139659107708807,-0.1016306546340231
Q16512,PKN1,RandomForest,0.7070794995806076,-0.122061997380727
Q16512,PKN1,RandomForest,1.2191802088199222,-0.0273110268194401
Q16512,PKN1,RandomForest,-0.258323796221735,-0.2417456608622623
Q16512,PKN1,RandomForest,0.7722910895322411,0.1740306650586238
Q16512,PKN1,RandomForest,-0.4177395412457124,-0.4322447483788265
Q16513,PKN2,MLP,-3.261612194938336,0.8679305446906846
Q16513,PKN2,MLP,5.763713801901287,1.1577673569293772
Q16513,PKN2,MLP,1.9804871937215,1.8269788341771216
Q16513,PKN2,MLP,1.0537254558698106,0.4886815806724781
Q16513,PKN2,MLP,-0.2128073475711484,0.2815389754050622
Q16513,PKN2,MLP,1.689139461294927,0.7381006101412948
Q16513,PKN2,MLP,1.0625485838519384,0.15410873565896
Q16513,PKN2,MLP,-0.1366728911770015,0.3104616920244442
Q16513,PKN2,MLP,0.7610397032870467,0.2393276810116282
Q16513,PKN2,MLP,0.2900248676708508,0.5330063887722243
Q16513,PKN2,MLP,0.8337408752113967,0.6379741641969361
Q16513,PKN2,MLP,2.2564653620363946,0.7370543607906603
Q16513,PKN2,MLP,1.0582256715992968,-0.0490143480567729
Q16513,PKN2,MLP,0.5305078487301191,0.807930805705934
Q16513,PKN2,MLP,-0.0519322073725574,0.1587156167068496
Q16513,PKN2,MLP,0.0401409431064348,0.5630322778875736
Q16513,PKN2,MLP,-1.4477141270713672,0.4497578207808401
Q16513,PKN2,MLP,1.19292411768106,0.7186312268117747
Q16513,PKN2,MLP,-1.846831550104967,-0.2284091502072892
Q16584,MAP3K11,SVR,-1.2250516384529846,-1.7203160773067463
Q16584,MAP3K11,SVR,-1.2662077806533678,-1.4261554513164625
Q16584,MAP3K11,SVR,-1.4549329773219348,-1.2379768397468771
Q16584,MAP3K11,SVR,-1.1361148233049243,-1.3723661704439865
Q16584,MAP3K11,SVR,-1.5902549521401736,-1.2142280849667575
Q16584,MAP3K11,SVR,-0.9218023395092302,-1.2800130022971965
Q16584,MAP3K11,SVR,-1.6331509948564784,-1.4444183984473886
Q16584,MAP3K11,SVR,-0.817922994098286,-1.1724380583846772
Q16584,MAP3K11,SVR,-1.3468957662695695,-1.1345761545604292
Q16584,MAP3K11,SVR,-1.5902801740860786,-1.2743355241007053
Q16584,MAP3K11,SVR,-0.3440900122075561,-0.8322510390345168
Q16584,MAP3K11,SVR,-1.3552177155253484,-1.535222196489475
Q16584,MAP3K11,SVR,-1.1683449628269609,-1.109187056112031
Q16584,MAP3K11,SVR,-1.0223285218152576,-1.3557657943440984
Q16584,MAP3K11,SVR,-1.5091921433683626,-1.4201492018700703
Q16584,MAP3K11,SVR,-0.1936913122042571,-1.144861862794328
Q16584,MAP3K11,SVR,-1.737251968817079,-1.112609263676733
Q16584,MAP3K11,SVR,-1.4859234999906676,-1.5411746497008991
Q16584,MAP3K11,SVR,-1.4598582275740446,-1.1571273899365837
Q2M2I8,AAK1,Lasso,0.5343541665824459,0.031241884334589
Q2M2I8,AAK1,Lasso,0.1939343894843138,0.1610384445697514
Q2M2I8,AAK1,Lasso,1.137636403627331,0.3721545477516148
Q2M2I8,AAK1,Lasso,0.1030163230425475,-0.1068537000897873
Q2M2I8,AAK1,Lasso,-0.1682388353903651,0.3725967815036135
Q2M2I8,AAK1,Lasso,-0.149429274988842,-0.1860969671984981
Q2M2I8,AAK1,Lasso,0.0418851021035137,-0.0878308575999511
Q2M2I8,AAK1,Lasso,0.9891986424037348,0.0580911647286281
Q2M2I8,AAK1,Lasso,0.8664234127653614,-0.0392628658451234
Q2M2I8,AAK1,Lasso,-0.2122652867634029,0.2128040692295687
Q2M2I8,AAK1,Lasso,0.8026619222443456,0.0882523098401315
Q2M2I8,AAK1,Lasso,0.6526263493424868,0.5571919469490316
Q2M2I8,AAK1,Lasso,-0.830716011271881,0.0950759289097794
Q2M2I8,AAK1,Lasso,-0.3867161900686325,0.0262411781007021
Q2M2I8,AAK1,Lasso,0.3838030925630973,0.0585454385119807
Q2M2I8,AAK1,Lasso,0.27502951917856,0.0616822370530155
Q2M2I8,AAK1,Lasso,0.1928587125390162,0.0116495055975155
Q2M2I8,AAK1,Lasso,0.2019766981697083,-0.00589787909978
Q2M2I8,AAK1,Lasso,0.4291997663149397,0.065559778739093
Q7KZI7,MARK2,GradientBoosting,0.1672882238988562,0.3503609189436228
Q7KZI7,MARK2,GradientBoosting,1.369384548383751,0.6272128040845871
Q7KZI7,MARK2,GradientBoosting,-0.6764297887510222,-0.7542495445253418
Q7KZI7,MARK2,GradientBoosting,0.2928421167020668,0.4040450009891917
Q7KZI7,MARK2,GradientBoosting,-1.6748352812591327,-0.6559972919027278
Q7KZI7,MARK2,GradientBoosting,1.4131124299084317,0.4839190760490739
Q7KZI7,MARK2,GradientBoosting,1.2860318604518697,0.0049458575992828
Q7KZI7,MARK2,GradientBoosting,1.7160691405669386,1.478172325750866
Q7KZI7,MARK2,GradientBoosting,-0.2438229561157028,0.2269627117342043
Q7KZI7,MARK2,GradientBoosting,1.0275204649352998,0.4964418324722442
Q7KZI7,MARK2,GradientBoosting,0.6179862551713503,0.3786937144221995
Q7KZI7,MARK2,GradientBoosting,-0.1462210374987586,0.6217553897013056
Q7KZI7,MARK2,GradientBoosting,-1.397799800717208,0.9817376878177358
Q7KZI7,MARK2,GradientBoosting,0.5201225302729247,-0.331603109586302
Q7KZI7,MARK2,GradientBoosting,1.0319232976897863,0.5972188498146056
Q7KZI7,MARK2,GradientBoosting,0.7159167064090898,0.2114035591188769
Q7KZI7,MARK2,GradientBoosting,0.302942084534907,-0.8205519658046648
Q7KZI7,MARK2,GradientBoosting,0.5197301076566285,0.6149355923529519
Q7KZI7,MARK2,GradientBoosting,0.9666121304057792,1.2858923335437071
Q8IV63,VRK3,XGBoost,-1.0467996556198251,-1.358332872390747
Q8IV63,VRK3,XGBoost,5.230633562344243,0.1194678768515586
Q8IV63,VRK3,XGBoost,-0.1874681158764912,-0.8466771841049194
Q8IV63,VRK3,XGBoost,-1.3281305232050773,-1.534901738166809
Q8IV63,VRK3,XGBoost,-1.5449139384194897,-2.01780104637146
Q8IV63,VRK3,XGBoost,-1.223758519264197,-0.8466771841049194
Q8IV63,VRK3,XGBoost,-1.1230476866084065,-0.7326908707618713
Q8IV63,VRK3,XGBoost,-1.1399921139467395,-0.9861330986022948
Q8IV63,VRK3,XGBoost,-1.3460410959522036,-1.3100895881652832
Q8IV63,VRK3,XGBoost,-1.181588526123168,1.3142595291137695
Q8IV63,VRK3,XGBoost,-1.3740555108383363,-0.0018177788006141
Q8IV63,VRK3,XGBoost,-2.7919259141787456,-0.8466771841049194
Q8IV63,VRK3,XGBoost,-1.7734068738865183,-1.2699671983718872
Q8IV63,VRK3,XGBoost,-1.269405150348554,-1.1600147485733032
Q8IV63,VRK3,XGBoost,-1.623961762018478,-1.374964952468872
Q8IV63,VRK3,XGBoost,-1.4088227622234826,-0.694667637348175
Q8IV63,VRK3,XGBoost,-1.4208649852579536,0.119960255920887
Q8IV63,VRK3,XGBoost,-1.0883726851763074,-1.851961970329285
Q8IV63,VRK3,XGBoost,-1.342639746321597,-1.127079963684082
Q8IVT5,KSR1,SVR,1.0125626189937422,0.5743413376066066
Q8IVT5,KSR1,SVR,0.6391612619497181,1.4840457504796971
Q8IVT5,KSR1,SVR,-0.1634361011809537,-0.7716650000950088
Q8IVT5,KSR1,SVR,-0.9165500662335744,1.382099897903134
Q8IVT5,KSR1,SVR,-0.8668111521818045,0.0417254754828767
Q8IVT5,KSR1,SVR,-1.3015843864889376,0.64476904484417
Q8IVT5,KSR1,SVR,2.456340775023864,0.0650779526056034
Q8IVT5,KSR1,SVR,-1.4836407976252457,-0.1693202963586802
Q8IVT5,KSR1,SVR,2.6870235515415164,0.6911047026875214
Q8IVT5,KSR1,SVR,-1.651598916070522,1.0082025684414218
Q8IVT5,KSR1,SVR,1.3474626863073873,-0.7023245338843555
Q8IVT5,KSR1,SVR,3.08952718042102,-0.8261774755464965
Q8IVT5,KSR1,SVR,0.7586259204185262,0.2564306691703539
Q8IVT5,KSR1,SVR,-0.4943350919042386,1.283496191044515
Q8IVT5,KSR1,SVR,0.2916460677177909,-0.1995861964789234
Q8IVT5,KSR1,SVR,2.112005335011428,-0.3536904542597726
Q8IVT5,KSR1,SVR,1.2980329595333402,0.3559416027165208
Q8IVT5,KSR1,SVR,1.2364768464097589,-1.1032992048899577
Q8IVT5,KSR1,SVR,0.172988170865061,-0.07054887628819
Q8IWQ3,BRSK2,SVR,-0.0404766750378928,0.0623445195594984
Q8IWQ3,BRSK2,SVR,-0.1024840578981461,-0.0441442946436026
Q8IWQ3,BRSK2,SVR,0.0876811324321552,0.3016770102541826
Q8IWQ3,BRSK2,SVR,-0.573391376990014,-0.4133809044973185
Q8IWQ3,BRSK2,SVR,0.022909447793921,0.1992486000288737
Q8IWQ3,BRSK2,SVR,-0.0534318091286997,-0.0808321677374111
Q8IWQ3,BRSK2,SVR,-0.2704720355803209,-0.3877615516359083
Q8IWQ3,BRSK2,SVR,0.9250055968226938,0.5710020328392198
Q8IWQ3,BRSK2,SVR,1.6108167115883962,0.5038322289253538
Q8IWQ3,BRSK2,SVR,0.0927167900562353,-0.1573963421539362
Q8IWQ3,BRSK2,SVR,1.0688334922988754,0.8141023040607096
Q8IWQ3,BRSK2,SVR,0.2686078368675199,0.3459705433997713
Q8IWQ3,BRSK2,SVR,1.131026089453528,0.6418070787277623
Q8IWQ3,BRSK2,SVR,0.0066198222560907,-0.1272170318193217
Q8IWQ3,BRSK2,SVR,0.222554560335545,-0.2195738417060731
Q8IWQ3,BRSK2,SVR,0.6453764149179616,0.681770417579155
Q8IWQ3,BRSK2,SVR,1.255097812063313,-0.2752830693413908
Q8IWQ3,BRSK2,SVR,0.3257062949294232,-0.3410177796718674
Q8IWQ3,BRSK2,SVR,-1.0535573649091814,-0.3745339201856299
Q8TD19,NEK9,SVR,-5.000436205240553,-2.5887493354165
Q8TD19,NEK9,SVR,2.047731583151804,0.9309133228440172
Q8TD19,NEK9,SVR,0.2013642435484308,-1.29517604308246
Q8TD19,NEK9,SVR,-0.996581249446116,0.4507956543659812
Q8TD19,NEK9,SVR,0.7210126178578979,0.5928221445274378
Q8TD19,NEK9,SVR,1.2201017202561135,1.584298565291692
Q8TD19,NEK9,SVR,-0.9711360302600742,-0.3991509722595392
Q8TD19,NEK9,SVR,-0.0153391980947093,-0.9220308340089016
Q8TD19,NEK9,SVR,-0.3337785915732492,0.1434458185417523
Q8TD19,NEK9,SVR,-1.976687189993056,-0.6784255177309038
Q8TD19,NEK9,SVR,-1.6885482981880562,-1.201841270961442
Q8TD19,NEK9,SVR,-1.2748575064143923,-1.2815553740365395
Q8TD19,NEK9,SVR,-0.175251215755165,0.3383058608264862
Q8TD19,NEK9,SVR,2.294589344355107,1.5653600848580678
Q8TD19,NEK9,SVR,-0.9700302436677752,-1.2797872171840408
Q8TD19,NEK9,SVR,0.3554595892590381,0.6599783772771086
Q8TD19,NEK9,SVR,0.91851059729205,0.183679131727332
Q8TD19,NEK9,SVR,1.971817472429905,1.7710297124636436
Q8TD19,NEK9,SVR,-2.174577554565166,-0.9280333551667144
Q92630,DYRK2,MLP,1.247478401185893,-0.0646929773001918
Q92630,DYRK2,MLP,0.2892566411761009,-0.0646929773001918
Q92630,DYRK2,MLP,-0.0246541577168814,-0.0646929773001918
Q92630,DYRK2,MLP,1.2736839372782152,-0.0646929773001918
Q92630,DYRK2,MLP,-2.241468369229265,-0.0371164091475524
Q92630,DYRK2,MLP,0.55764030293545,-0.0646929773001918
Q92630,DYRK2,MLP,-0.0755126608720584,-0.0646929773001918
Q92630,DYRK2,MLP,0.7173403252531676,0.0309510618198605
Q92630,DYRK2,MLP,1.3460619260349092,0.0212800204765952
Q92630,DYRK2,MLP,-0.4902573935372499,-0.0646929773001918
Q92630,DYRK2,MLP,1.0959682113745548,0.0218570676158117
Q92630,DYRK2,MLP,-0.9414107010571074,-0.0646929773001918
Q92630,DYRK2,MLP,-0.6892319507865112,-0.0646929773001918
Q92630,DYRK2,MLP,0.8837698933813102,-0.0646929773001918
Q92630,DYRK2,MLP,-0.1879657293427365,-0.0646929773001918
Q92630,DYRK2,MLP,0.6385119113158385,0.0076449511140801
Q92630,DYRK2,MLP,0.4107777640949022,0.0866541179876694
Q92630,DYRK2,MLP,-0.4257498859126744,-0.0646929773001918
Q92630,DYRK2,MLP,-0.9991116411109154,-0.0026548287514505
Q96GX5,MASTL,RandomForest,0.8861650202961059,0.4878343051304427
Q96GX5,MASTL,RandomForest,0.0409749201140168,-0.0090851203810909
Q96GX5,MASTL,RandomForest,0.2214829828497779,0.3894839107553911
Q96GX5,MASTL,RandomForest,-0.2805212641440924,0.0043919097110268
Q96GX5,MASTL,RandomForest,0.1424001800895891,0.1022024981041823
Q96GX5,MASTL,RandomForest,-0.0377692525881602,0.0397530825442716
Q96GX5,MASTL,RandomForest,-0.0415425740894272,0.2878256034877804
Q96GX5,MASTL,RandomForest,0.5935577896713045,0.4977943310688835
Q96GX5,MASTL,RandomForest,0.2707049445807621,0.5291719175119944
Q96GX5,MASTL,RandomForest,-0.1802917083303182,0.2303383715861825
Q96GX5,MASTL,RandomForest,-0.2203413692460652,0.4379747243652523
Q96GX5,MASTL,RandomForest,0.2583612027029052,0.450907025408662
Q96GX5,MASTL,RandomForest,0.642483628672069,0.2962386284986867
Q96GX5,MASTL,RandomForest,-0.0860525468010344,0.0723128992949896
Q96GX5,MASTL,RandomForest,0.668573516581605,0.311381183509592
Q96GX5,MASTL,RandomForest,0.0053398383902663,0.5578467606130119
Q96GX5,MASTL,RandomForest,0.085942012072181,0.31423780752211
Q96GX5,MASTL,RandomForest,0.0525757759877642,0.1262667028528542
Q96GX5,MASTL,RandomForest,-0.4879401595229816,-0.1489429387995384
Q96Q15,SMG1,MLP,-0.1397311382680172,-0.208359602224444
Q96Q15,SMG1,MLP,0.0283857734915824,-0.208359602224444
Q96Q15,SMG1,MLP,0.1827892551930273,-0.208359602224444
Q96Q15,SMG1,MLP,-0.18101585041895,-0.208359602224444
Q96Q15,SMG1,MLP,0.1206574615572127,-0.208359602224444
Q96Q15,SMG1,MLP,0.2189718389007231,-0.2214519860642675
Q96Q15,SMG1,MLP,-1.1220655399731252,-0.208359602224444
Q96Q15,SMG1,MLP,-0.0791896129898703,-0.208359602224444
Q96Q15,SMG1,MLP,-0.3792121933233568,-0.208359602224444
Q96Q15,SMG1,MLP,-1.3161014531645745,-0.2213966975183084
Q96Q15,SMG1,MLP,-0.4102684730363048,-0.208359602224444
Q96Q15,SMG1,MLP,-0.1495319135571048,-0.208359602224444
Q96Q15,SMG1,MLP,-0.1215331022418441,-0.2176207316255445
Q96Q15,SMG1,MLP,-0.0469633477998785,-0.208359602224444
Q96Q15,SMG1,MLP,-0.043752474389873,-0.208359602224444
Q96Q15,SMG1,MLP,-0.0350651154965974,-0.208359602224444
Q96Q15,SMG1,MLP,0.0228678344293879,-0.208359602224444
Q96Q15,SMG1,MLP,-1.2586339508197537,-0.2027328186075556
Q96Q15,SMG1,MLP,-0.2970834429245311,-0.208359602224444
Q96QT4,TRPM7,ElasticNet,0.6858076320558707,0.4760534896965847
Q96QT4,TRPM7,ElasticNet,0.0313349299763142,0.0873520736674256
Q96QT4,TRPM7,ElasticNet,-0.1276147761763889,-0.150956112621554
Q96QT4,TRPM7,ElasticNet,1.18621841533642,0.938363341118412
Q96QT4,TRPM7,ElasticNet,-0.342728595680526,-0.1453019848224107
Q96QT4,TRPM7,ElasticNet,-2.420429093964682,-2.8143387755633897
Q96QT4,TRPM7,ElasticNet,0.4894050727576541,0.7023184726203141
Q96QT4,TRPM7,ElasticNet,0.3181098018708952,-0.0429498327650023
Q96QT4,TRPM7,ElasticNet,0.6369033439602692,0.6203429590699501
Q96QT4,TRPM7,ElasticNet,0.9767371959716484,0.8867373969131334
Q96QT4,TRPM7,ElasticNet,-0.883090666484556,-0.851532098571562
Q96QT4,TRPM7,ElasticNet,-0.2213782369517618,-0.279994911866673
Q96QT4,TRPM7,ElasticNet,0.3428934133120413,0.1176080977538615
Q96QT4,TRPM7,ElasticNet,-0.4977066455380978,-0.7450285979747961
Q96QT4,TRPM7,ElasticNet,0.759893883963826,0.5313313512714326
Q96QT4,TRPM7,ElasticNet,-0.9930164118882104,-0.936853360333722
Q96QT4,TRPM7,ElasticNet,1.1181174389577464,0.9991609628001732
Q96QT4,TRPM7,ElasticNet,0.0735319973099089,0.0250831564995044
Q96QT4,TRPM7,ElasticNet,-0.3046223022012229,-0.0748511071242746
Q96RR4,CAMKK2,PLS,1.306634361166157,0.6169001719203521
Q96RR4,CAMKK2,PLS,-0.1131430001516406,0.4666514685089091
Q96RR4,CAMKK2,PLS,0.0490526204299491,0.5392817143400973
Q96RR4,CAMKK2,PLS,1.0726570936421835,0.973572864489164
Q96RR4,CAMKK2,PLS,0.5288784791581718,0.8634816383037609
Q96RR4,CAMKK2,PLS,0.2924978230273159,0.7482347209277155
Q96RR4,CAMKK2,PLS,2.1079667765132624,1.7245436633618745
Q96RR4,CAMKK2,PLS,1.7780948667034444,0.8490042559582268
Q96RR4,CAMKK2,PLS,1.089447491645859,0.8243361044665904
Q96RR4,CAMKK2,PLS,2.1784381019436307,1.5000990123368516
Q96RR4,CAMKK2,PLS,2.025787599038372,0.6196480350241108
Q96RR4,CAMKK2,PLS,-0.0492904409225601,0.4807616546407716
Q96RR4,CAMKK2,PLS,2.5224269825413086,0.6930697552167214
Q96RR4,CAMKK2,PLS,0.6129003278391149,0.5779515798151591
Q96RR4,CAMKK2,PLS,0.1387867186510731,0.4343376836033626
Q96RR4,CAMKK2,PLS,2.163516919409718,0.574449879054568
Q96RR4,CAMKK2,PLS,1.5238126072805005,0.7387946063505001
Q96RR4,CAMKK2,PLS,-0.6625592103311863,0.6356570249185033
Q96RR4,CAMKK2,PLS,1.0507203725720111,1.0796795578707716
Q96S53,TESK2,MLP,-0.1472751683543004,0.1009416946144826
Q96S53,TESK2,MLP,-0.2260977896936137,-0.1474978646110881
Q96S53,TESK2,MLP,-0.1045599046814186,-0.1474978646110881
Q96S53,TESK2,MLP,1.3290777730295855,-0.1474978646110881
Q96S53,TESK2,MLP,-0.3648370285231357,-0.1474978646110881
Q96S53,TESK2,MLP,-0.085429723194732,-0.1474978646110881
Q96S53,TESK2,MLP,-0.6914123064911235,-0.1474978646110881
Q96S53,TESK2,MLP,-0.1556154166070602,-0.0956045981113913
Q96S53,TESK2,MLP,-0.3276207299588423,-0.0526437790926956
Q96S53,TESK2,MLP,-0.9851367338705624,-0.1474978646110881
Q96S53,TESK2,MLP,-0.5731027573076648,-0.0720093255128071
Q96S53,TESK2,MLP,-0.3173366138931139,0.0215840909878183
Q96S53,TESK2,MLP,0.033151226272723,-2.0763396571754637e-05
Q96S53,TESK2,MLP,-0.5733395485193199,-0.1474978646110881
Q96S53,TESK2,MLP,-0.2136297087374913,-0.0209165045036174
Q96S53,TESK2,MLP,-0.5703965886035541,-0.0269537910564936
Q96S53,TESK2,MLP,1.0984351530844576,0.2636859572744567
Q96S53,TESK2,MLP,0.0949633442374714,-0.1474978646110881
Q96S53,TESK2,MLP,0.6891115561512886,0.0362427792177895
Q96SB4,SRPK1,MLP,1.1420212263371674,0.0295384331710562
Q96SB4,SRPK1,MLP,-0.6656655168557508,-0.3891832543358053
Q96SB4,SRPK1,MLP,-0.2705009258386783,-0.0882276726757346
Q96SB4,SRPK1,MLP,0.1278718375741493,0.3996099357180002
Q96SB4,SRPK1,MLP,2.406913999734102,0.4218773389735066
Q96SB4,SRPK1,MLP,-1.036874078458719,-0.3638490207503593
Q96SB4,SRPK1,MLP,0.3226044070283724,-0.1644931864045208
Q96SB4,SRPK1,MLP,0.3115400773163612,2.003603984563937
Q96SB4,SRPK1,MLP,1.5161242389536826,2.096682164551738
Q96SB4,SRPK1,MLP,-0.2865141725256643,0.0292841798339303
Q96SB4,SRPK1,MLP,2.431085676467222,2.1704666555095504
Q96SB4,SRPK1,MLP,-1.807131834554091,0.0551038996529575
Q96SB4,SRPK1,MLP,2.27994854732732,1.3997102506890255
Q96SB4,SRPK1,MLP,-0.5451293763140487,-0.5420367084076595
Q96SB4,SRPK1,MLP,0.1441826301104423,0.2871603699478392
Q96SB4,SRPK1,MLP,3.129748693365783,2.359999297438144
Q96SB4,SRPK1,MLP,1.036838371604343,1.9626746769630343
Q96SB4,SRPK1,MLP,-0.2762392871221008,-0.3267182494255977
Q96SB4,SRPK1,MLP,-2.2642723982383672,-2.689098395666241
Q99640,PKMYT1,Lasso,1.1712993331185455,0.1009211457949656
Q99640,PKMYT1,Lasso,1.0255570042601188,0.0662253244591641
Q99640,PKMYT1,Lasso,-0.6553419185665957,0.0776027370383093
Q99640,PKMYT1,Lasso,0.1144662607246452,0.0515333560592011
Q99640,PKMYT1,Lasso,-1.1711395044913016,0.0853826545153574
Q99640,PKMYT1,Lasso,0.2780697763246861,0.0989092008988785
Q99640,PKMYT1,Lasso,0.4486652428978587,0.0388802580952998
Q99640,PKMYT1,Lasso,0.6323256094915968,0.0797265329269481
Q99640,PKMYT1,Lasso,-0.3810293785413219,0.1424135866160265
Q99640,PKMYT1,Lasso,-0.2148016280014858,0.102841886298574
Q99640,PKMYT1,Lasso,-1.3204336015617582,0.0449477088243365
Q99640,PKMYT1,Lasso,-1.0709482195293367,0.1643546430486547
Q99640,PKMYT1,Lasso,0.1840896330572524,0.1365531432326522
Q99640,PKMYT1,Lasso,0.6339384584910535,0.0727760659149908
Q99640,PKMYT1,Lasso,0.9074989259058728,0.1036019052392448
Q99640,PKMYT1,Lasso,-0.2412986346702417,0.0795244581314916
Q99640,PKMYT1,Lasso,-0.3106022150123237,0.0618887124417699
Q99640,PKMYT1,Lasso,0.3378911072798443,0.0004836736955047
Q99640,PKMYT1,Lasso,0.8028474286756265,0.0725096180953417
Q99759,MAP3K3,MLP,-1.4282053802127763,0.0644304932046049
Q99759,MAP3K3,MLP,2.698287842139387,-0.0488361906512949
Q99759,MAP3K3,MLP,0.0842026300699662,0.3684955219921163
Q99759,MAP3K3,MLP,-0.0107827418519122,0.3528594063722426
Q99759,MAP3K3,MLP,3.745730226893099,0.4636892404737173
Q99759,MAP3K3,MLP,0.6996053597518838,-0.0488361906512949
Q99759,MAP3K3,MLP,-0.2276963823194832,0.2117887577253483
Q99759,MAP3K3,MLP,1.928433781053304,-0.0488361906512949
Q99759,MAP3K3,MLP,-0.1004504500937422,-0.0488361906512949
Q99759,MAP3K3,MLP,-0.2893226692046163,0.152903198861844
Q99759,MAP3K3,MLP,0.5629872894890632,-0.0257211249317703
Q99759,MAP3K3,MLP,-0.0060065031053797,0.1733157936762407
Q99759,MAP3K3,MLP,1.6375407663485393,-0.0488361906512949
Q99759,MAP3K3,MLP,-0.1982904067621212,-0.0488361906512949
Q99759,MAP3K3,MLP,1.2517836254530796,-0.0488361906512949
Q99759,MAP3K3,MLP,-0.1823614257320832,0.1625928895439712
Q99759,MAP3K3,MLP,-0.0773088629465771,-0.0488361906512949
Q99759,MAP3K3,MLP,0.7565798185531682,-0.0488361906512949
Q99759,MAP3K3,MLP,4.542764229603312,0.456758799215855
Q9BZL6,PRKD2,MLP,-1.2717958362851036,-0.2416549382479441
Q9BZL6,PRKD2,MLP,0.9425426708187936,-0.0318840518840365
Q9BZL6,PRKD2,MLP,-2.4532419504688336,-2.816896071477656
Q9BZL6,PRKD2,MLP,0.8341353835178505,-0.1981451772578723
Q9BZL6,PRKD2,MLP,-0.2493339287402757,0.3591184022906201
Q9BZL6,PRKD2,MLP,-0.0115987550625201,0.4646285652779597
Q9BZL6,PRKD2,MLP,0.3013263039152823,0.7390110631460381
Q9BZL6,PRKD2,MLP,-0.2082930682626455,0.518585191555592
Q9BZL6,PRKD2,MLP,-0.3797696294175552,0.1066899125147996
Q9BZL6,PRKD2,MLP,0.4083738089791851,-0.2062656470998308
Q9BZL6,PRKD2,MLP,1.461650644844208,0.3674320778737561
Q9BZL6,PRKD2,MLP,-2.9866685476835384,-1.222519731186804
Q9BZL6,PRKD2,MLP,1.7233485237718638,0.2232708769647942
Q9BZL6,PRKD2,MLP,2.7155542540520843,0.6651193692801761
Q9BZL6,PRKD2,MLP,-1.895272281073873,-0.1091527339459426
Q9BZL6,PRKD2,MLP,0.3651304147872251,0.3824375807222537
Q9BZL6,PRKD2,MLP,-0.6418418807774072,0.3444451445872
Q9BZL6,PRKD2,MLP,-0.8689511428358132,-0.3899191247163719
Q9BZL6,PRKD2,MLP,-0.2692739636841014,0.3055981882230862
Q9H0K1,SIK2,RandomForest,-2.07915875557468,-1.0426240681704837
Q9H0K1,SIK2,RandomForest,-1.260218146865309,-1.1036919221436248
Q9H0K1,SIK2,RandomForest,-0.0212766567733861,-0.140882034374694
Q9H0K1,SIK2,RandomForest,1.220390089203901,0.5874200848140788
Q9H0K1,SIK2,RandomForest,0.940706925956508,0.0114420608067931
Q9H0K1,SIK2,RandomForest,-0.3887295316309493,-0.4803150142134892
Q9H0K1,SIK2,RandomForest,2.7530845642366804,1.8039657122290813
Q9H0K1,SIK2,RandomForest,0.2738100083132727,-0.1586222493338563
Q9H0K1,SIK2,RandomForest,0.0684064970511018,0.1593870350893941
Q9H0K1,SIK2,RandomForest,1.2832528671881505,1.5669436273576374
Q9H0K1,SIK2,RandomForest,2.0785351242194365,1.2348255230668372
Q9H0K1,SIK2,RandomForest,-0.2954933236103924,-0.3730954442396701
Q9H0K1,SIK2,RandomForest,0.1435519404268229,-0.2867762270829209
Q9H0K1,SIK2,RandomForest,-0.446358503858911,-0.2184523099763717
Q9H0K1,SIK2,RandomForest,-2.2545285417053416,-1.0880889751864131
Q9H0K1,SIK2,RandomForest,0.9775003488576944,0.5358994038939556
Q9H0K1,SIK2,RandomForest,0.2148229192250684,0.1428291838126908
Q9H0K1,SIK2,RandomForest,0.2019643814048483,0.2791407498323932
Q9H0K1,SIK2,RandomForest,0.2750464180291556,0.0180002448916644
Q9H4A3,WNK1,Lasso,-1.7895162573679255,-0.3475737879233371
Q9H4A3,WNK1,Lasso,1.5133892703536318,1.044089439267588
Q9H4A3,WNK1,Lasso,1.793087216170378,1.29695601878646
Q9H4A3,WNK1,Lasso,0.9939241071352628,0.7184826011794102
Q9H4A3,WNK1,Lasso,2.5630881431093897,1.2798376233352853
Q9H4A3,WNK1,Lasso,0.4990856118421783,0.7865708881735758
Q9H4A3,WNK1,Lasso,-0.4194811482706579,0.8888522380507604
Q9H4A3,WNK1,Lasso,-0.2910752968893501,0.3890990216816664
Q9H4A3,WNK1,Lasso,0.44294600046241,-0.7257466307115994
Q9H4A3,WNK1,Lasso,-0.0810074359954774,1.1282020448655392
Q9H4A3,WNK1,Lasso,-2.681236786428044,0.2032761775371873
Q9H4A3,WNK1,Lasso,0.8343877956051301,0.6731394029115105
Q9H4A3,WNK1,Lasso,-0.6790303488973429,-0.3711891467348533
Q9H4A3,WNK1,Lasso,-0.57197179967813,0.9573387539262233
Q9H4A3,WNK1,Lasso,-0.8636277862325181,0.2448126288034426
Q9H4A3,WNK1,Lasso,-0.3050838431157326,-0.6567884402189048
Q9H4A3,WNK1,Lasso,1.5171037652694928,0.8937135624550943
Q9H4A3,WNK1,Lasso,0.0514575590654232,-0.6528753559741274
Q9H4A3,WNK1,Lasso,-0.3340516073498727,-0.6726499515763373
Q9HAZ1,CLK4,PLS,0.3582523353937238,0.6520812035203923
Q9HAZ1,CLK4,PLS,3.111672090574366,1.087903071775765
Q9HAZ1,CLK4,PLS,-0.5391071593406327,-0.0754257004754158
Q9HAZ1,CLK4,PLS,0.3424040033488552,0.4399246549780987
Q9HAZ1,CLK4,PLS,-1.5856361162558468,0.3975877544918008
Q9HAZ1,CLK4,PLS,2.1555797247010373,1.0472558853485228
Q9HAZ1,CLK4,PLS,0.406795850741438,0.2205364526979866
Q9HAZ1,CLK4,PLS,0.1824338363710964,0.131943238883965
Q9HAZ1,CLK4,PLS,-0.1189779948012383,0.8371246584397423
Q9HAZ1,CLK4,PLS,0.0978870970714081,0.5917361108145892
Q9HAZ1,CLK4,PLS,0.5402347094998221,0.064352265407148
Q9HAZ1,CLK4,PLS,0.2393196453767013,-0.0180720179971283
Q9HAZ1,CLK4,PLS,0.5827990493834444,0.3328443149144674
Q9HAZ1,CLK4,PLS,1.6558579512342049,1.1093162667070209
Q9HAZ1,CLK4,PLS,0.362745931798261,0.3754122730795479
Q9HAZ1,CLK4,PLS,-0.0721545365297401,0.2643952487276305
Q9HAZ1,CLK4,PLS,0.1349602147666916,0.4735773820999469
Q9HAZ1,CLK4,PLS,2.3785089807216915,0.3262110730366576
Q9HAZ1,CLK4,PLS,0.4515026010149376,0.1636768323003384
Q9HBH9,MKNK2,Lasso,0.8338193856132817,0.244064086785916
Q9HBH9,MKNK2,Lasso,-0.1629872157518873,-0.0353469734411591
Q9HBH9,MKNK2,Lasso,0.4426861377703077,-0.220513342301916
Q9HBH9,MKNK2,Lasso,-0.0869279968018335,-0.1569260293376139
Q9HBH9,MKNK2,Lasso,-0.4177675315033248,-0.2809466663310068
Q9HBH9,MKNK2,Lasso,0.4841929456283806,-0.2755428371451298
Q9HBH9,MKNK2,Lasso,0.0600050596731088,0.1200096263245862
Q9HBH9,MKNK2,Lasso,0.640510298404675,-0.0637834272183461
Q9HBH9,MKNK2,Lasso,-0.0508719905252727,-0.1673359927970721
Q9HBH9,MKNK2,Lasso,-0.0433998026466133,-0.0111028031269265
Q9HBH9,MKNK2,Lasso,0.2642760496931,0.0496088915393276
Q9HBH9,MKNK2,Lasso,0.2877667677370858,-0.2578886681681274
Q9HBH9,MKNK2,Lasso,0.0067782704794885,-0.2311582919429355
Q9HBH9,MKNK2,Lasso,0.6068004756480725,-0.4519217107904495
Q9HBH9,MKNK2,Lasso,0.7768459159023492,-0.0640896691308973
Q9HBH9,MKNK2,Lasso,-0.1534410963519243,0.0525193661441708
Q9HBH9,MKNK2,Lasso,-1.3536181960565503,-0.167559347654181
Q9HBH9,MKNK2,Lasso,-0.5068472397813705,-0.6622357694742916
Q9HBH9,MKNK2,Lasso,-1.099051333178612,-1.573489025943709
Q9NSY1,BMP2K,Lasso,0.5343541665824459,0.0815741497245993
Q9NSY1,BMP2K,Lasso,0.1939343894843138,0.0362205210048382
Q9NSY1,BMP2K,Lasso,1.137636403627331,0.1491450634657891
Q9NSY1,BMP2K,Lasso,0.1030163230425475,0.0036429780698407
Q9NSY1,BMP2K,Lasso,-0.1682388353903651,0.0496470858299368
Q9NSY1,BMP2K,Lasso,-0.149429274988842,0.0063805442323092
Q9NSY1,BMP2K,Lasso,0.0418851021035137,0.1029417265140137
Q9NSY1,BMP2K,Lasso,0.9891986424037348,-0.0467776309784689
Q9NSY1,BMP2K,Lasso,0.8664234127653614,-0.154691165096535
Q9NSY1,BMP2K,Lasso,-0.2122652867634029,0.0410198257877958
Q9NSY1,BMP2K,Lasso,0.8026619222443456,-0.0553566409197542
Q9NSY1,BMP2K,Lasso,0.6526263493424868,0.2351607263576448
Q9NSY1,BMP2K,Lasso,-0.830716011271881,-0.0137861870731155
Q9NSY1,BMP2K,Lasso,-0.3867161900686325,-0.0241013177799087
Q9NSY1,BMP2K,Lasso,0.3838030925630973,0.1633785848383055
Q9NSY1,BMP2K,Lasso,0.27502951917856,-0.1357045332649463
Q9NSY1,BMP2K,Lasso,0.1928587125390162,-0.0615380183746067
Q9NSY1,BMP2K,Lasso,0.2019766981697083,0.1502933560238714
Q9NSY1,BMP2K,Lasso,0.4291997663149397,0.3536240726512125
Q9NYV4,CDK12,PLS,0.5036127134120343,0.872754128970469
Q9NYV4,CDK12,PLS,0.1346426279989897,1.031958536058218
Q9NYV4,CDK12,PLS,-0.0047013778730568,-0.6240237833090552
Q9NYV4,CDK12,PLS,-0.3370766760409512,-0.3715877827747031
Q9NYV4,CDK12,PLS,0.2666888266684303,-0.448682724721553
Q9NYV4,CDK12,PLS,0.3951193500890831,0.4241306197606362
Q9NYV4,CDK12,PLS,-0.8022216386380476,0.1234604884159594
Q9NYV4,CDK12,PLS,1.0129238367469555,-0.0226670667749157
Q9NYV4,CDK12,PLS,1.2635901226458286,0.3958506820146124
Q9NYV4,CDK12,PLS,-0.3512531087087595,-0.5709333484457558
Q9NYV4,CDK12,PLS,-0.9176841228699608,-0.3089843719091651
Q9NYV4,CDK12,PLS,-1.296132688935116,-0.6384831814281829
Q9NYV4,CDK12,PLS,1.1151044855173915,0.2555190158830019
Q9NYV4,CDK12,PLS,0.5424537246086893,0.3607353895858174
Q9NYV4,CDK12,PLS,0.3483567500813853,0.2513398112161732
Q9NYV4,CDK12,PLS,0.2235865938418833,0.0686968874190152
Q9NYV4,CDK12,PLS,0.7657673838781467,-0.3787668057458156
Q9NYV4,CDK12,PLS,-3.297866053302624,-1.262707479441676
Q9NYV4,CDK12,PLS,1.9130812982241592,-0.3754041351740131
Q9UKE5,TNIK,SVR,-1.386012634586259,-1.6203528984259528
Q9UKE5,TNIK,SVR,-1.0119238631690584,-1.03058983275006
Q9UKE5,TNIK,SVR,0.6535962512391132,0.5413126896833578
Q9UKE5,TNIK,SVR,-1.023414801895942,-0.9869196983936837
Q9UKE5,TNIK,SVR,-0.3058384430216648,-0.1889275306166147
Q9UKE5,TNIK,SVR,-0.8384357604678842,-0.8561634057314954
Q9UKE5,TNIK,SVR,-0.7534318922014324,-0.8839094982098359
Q9UKE5,TNIK,SVR,0.244818230550695,0.2278014781192325
Q9UKE5,TNIK,SVR,0.0297488249023484,0.0123107748272075
Q9UKE5,TNIK,SVR,-0.8894556620426296,-0.9154978206246808
Q9UKE5,TNIK,SVR,-1.5720258014675277,-1.4558160018961916
Q9UKE5,TNIK,SVR,-0.3430867087338011,-0.4563517798533073
Q9UKE5,TNIK,SVR,0.0264832663608134,-0.0164575845576877
Q9UKE5,TNIK,SVR,-1.1135878638173649,-1.159021184453964
Q9UKE5,TNIK,SVR,-0.1216354240422704,-0.1124594214166616
Q9UKE5,TNIK,SVR,-0.3557399139107342,-0.2471036454489397
Q9UKE5,TNIK,SVR,-0.7089208462560419,-0.5899766748997989
Q9UKE5,TNIK,SVR,1.43803915487979,1.4751617744710186
Q9UKE5,TNIK,SVR,-0.3552639389045322,-0.3994088293883777
Q9Y2K2,SIK3,RandomForest,2.686986379301536,2.0152878010055333
Q9Y2K2,SIK3,RandomForest,0.512955331189573,0.3206409622446618
Q9Y2K2,SIK3,RandomForest,0.132627815783268,0.7238809940796116
Q9Y2K2,SIK3,RandomForest,0.4408423833733998,-0.352601670167089
Q9Y2K2,SIK3,RandomForest,-0.2434427812075662,0.346963435681462
Q9Y2K2,SIK3,RandomForest,0.267185591783935,-0.1327737554632891
Q9Y2K2,SIK3,RandomForest,0.1423472706023517,-0.3634177486638631
Q9Y2K2,SIK3,RandomForest,0.3952320042113444,0.5990343435201222
Q9Y2K2,SIK3,RandomForest,0.3910224565869074,0.4818938952615245
Q9Y2K2,SIK3,RandomForest,-1.6412781075649372,-0.6044600335160477
Q9Y2K2,SIK3,RandomForest,0.4149712066517001,0.1834098616336791
Q9Y2K2,SIK3,RandomForest,1.4145924447746785,0.3752403087685174
Q9Y2K2,SIK3,RandomForest,0.5761135923203429,-0.0263233800352718
Q9Y2K2,SIK3,RandomForest,-0.4064213722387428,0.4276711317365565
Q9Y2K2,SIK3,RandomForest,1.8684041153842528,1.8093424121331367
Q9Y2K2,SIK3,RandomForest,-0.0528176724196576,0.1445229916526057
Q9Y2K2,SIK3,RandomForest,-0.0379073505852908,0.0165111736131016
Q9Y2K2,SIK3,RandomForest,1.1736445679096184,0.6545210823507973
Q9Y2K2,SIK3,RandomForest,-0.6929694068349967,0.2145980109103863
Q9Y2U5,MAP3K2,SVR,-1.6730592220982765,-0.0809360637108971
Q9Y2U5,MAP3K2,SVR,0.0312041079882247,-0.3444310269567588
Q9Y2U5,MAP3K2,SVR,-0.4012942891756601,0.1541234987026011
Q9Y2U5,MAP3K2,SVR,-1.7376626076691988,0.3063053726919706
Q9Y2U5,MAP3K2,SVR,-1.0678217403576475,-1.0187612232298604
Q9Y2U5,MAP3K2,SVR,-0.4645712966425813,-0.0212219647770462
Q9Y2U5,MAP3K2,SVR,3.449421303444592,0.9081940036845818
Q9Y2U5,MAP3K2,SVR,-1.894479684369507,-0.0988947017147637
Q9Y2U5,MAP3K2,SVR,1.3273424038611965,-0.067815810976418
Q9Y2U5,MAP3K2,SVR,-1.2147975151050965,0.7651968830360273
Q9Y2U5,MAP3K2,SVR,1.388665566250997,0.2151302288442175
Q9Y2U5,MAP3K2,SVR,2.6453822380713783,0.0765129398015246
Q9Y2U5,MAP3K2,SVR,-0.4707489405458401,-0.0093759497925621
Q9Y2U5,MAP3K2,SVR,0.1085196256664863,0.3580418017660326
Q9Y2U5,MAP3K2,SVR,-1.0196632796960965,0.1354627042902517
Q9Y2U5,MAP3K2,SVR,1.7177060109679596,0.4289189862476791
Q9Y2U5,MAP3K2,SVR,0.1591877240482497,0.3899657009997442
Q9Y2U5,MAP3K2,SVR,1.1848901951664532,0.1702654879610786
Q9Y2U5,MAP3K2,SVR,-0.5172646917759565,-0.1914092703509529
Q9Y3S1,WNK2,PLS,-0.0266230907665988,-0.1777721406133983
Q9Y3S1,WNK2,PLS,-0.4205408998479988,-0.0321923259735686
Q9Y3S1,WNK2,PLS,2.158061888489054,0.1325154463643205
Q9Y3S1,WNK2,PLS,0.8196076074949316,-0.0253948342461791
Q9Y3S1,WNK2,PLS,0.1458753720252242,-0.1069010936464739
Q9Y3S1,WNK2,PLS,0.3388337956450613,-0.2791703079739686
Q9Y3S1,WNK2,PLS,0.2898701084742087,0.0297971246893412
Q9Y3S1,WNK2,PLS,-0.5390713020673836,-0.1523342750391488
Q9Y3S1,WNK2,PLS,-0.0831789775439819,-0.1352412031345889
Q9Y3S1,WNK2,PLS,0.073248866912001,-0.0180380396950117
Q9Y3S1,WNK2,PLS,-0.6474298442668033,0.0335444317638916
Q9Y3S1,WNK2,PLS,0.9076196668558012,0.1974287223615765
Q9Y3S1,WNK2,PLS,-0.6287108873568065,-0.0671860057396929
Q9Y3S1,WNK2,PLS,-1.4970435701935962,-0.3031923674689541
Q9Y3S1,WNK2,PLS,-1.9316396140486505,-0.1300217790058019
Q9Y3S1,WNK2,PLS,-1.070606045418235,-0.0625932159480472
Q9Y3S1,WNK2,PLS,0.435585976497131,-0.0867632857181972
Q9Y3S1,WNK2,PLS,0.7021816531364766,-0.0396652092271712
Q9Y3S1,WNK2,PLS,-0.0629109507039492,-0.0434843824470984
